Phone_name,Brands,variant,Price,Internal_Storage,Operating_System_Type,USB_Type,5G_Availability,Selfie_Camera,RAM_Storage,Country_of_Origin,Battery_Capacity,Price_Range,Battery_Capacity_Range,Total_Mobile
Realme 9 Pro 5G 128 GB,realme,Sunrise Blue,20999,128 GB,Android,Not Specified,No,16 MP,8 GB,China,5000 mAh,20k-30k,4001 mAh-5000 mAh,1
Realme 9 Pro 5G 128 GB,realme,Sunrise Blue,18999,128 GB,Android,Not Specified,No,16 MP,6 GB,China,5000 mAh,10k-20k,4001 mAh-5000 mAh,1
Realme 9 Pro 5G 128 GB,realme,Aurora Green,20999,128 GB,Android,Not Specified,No,16 MP,8 GB,China,5000 mAh,20k-30k,4001 mAh-5000 mAh,1
Redmi 10A 64 GB,Redmi,Sea Blue,8299,64 GB,Android,Not Specified,No,5 MP,4 GB,Not Specified,5000 mAh,5k-10k,4001 mAh-5000 mAh,1
Samsung Galaxy A33 5G 128 GB,Samsung,Awesome Black,27499,Not Specified,Android,Not Specified,No,13 MP,8 GB,South Korea,5000 mAh,20k-30k,4001 mAh-5000 mAh,1
Samsung Galaxy A13 128 GB,Samsung,Black,14999,128 GB,Android,Not Specified,No,8 MP,4 GB,South Korea,5000 mAh,10k-20k,4001 mAh-5000 mAh,1
Samsung Galaxy A53 5G 128 GB,Samsung,Awesome White,31999,128 GB,Android,Not Specified,No,32 MP,6 GB,South Korea,5000 mAh,30k-50k,4001 mAh-5000 mAh,1
Samsung S22 Ultra 5G 512 GB,Samsung,Smartphone,118999,Not Specified,Android,Not Specified,No,40 MP,12 GB,South Korea,5000 mAh, 100k-150k,4001 mAh-5000 mAh,1
Samsung S22 Ultra 5G 512 GB,Samsung,Burgundy,118999,Not Specified,Android,Not Specified,No,40 MP,12 GB,South Korea,5000 mAh, 100k-150k,4001 mAh-5000 mAh,1
Samsung S22 Ultra 5G 256 GB,Samsung,Phantom White,109999,Not Specified,Android,Not Specified,No,40 MP,12 GB,South Korea,5000 mAh, 100k-150k,4001 mAh-5000 mAh,1
Samsung Galaxy A53 5G 128 GB,Samsung,Awesome White,33499,128 GB,Android,Not Specified,No,32 MP,8 GB,South Korea,5000 mAh,30k-50k,4001 mAh-5000 mAh,1
Samsung Galaxy A73 5G 128 GB,Samsung,Awesome White,41999,128 GB,Android,Not Specified,No,32 MP,8 GB,South Korea,5000 mAh,30k-50k,4001 mAh-5000 mAh,1
Samsung Galaxy A53 5G 128 GB,Samsung,Orange,31999,128 GB,Android,Not Specified,No,32 MP,6 GB,South Korea,5000 mAh,30k-50k,4001 mAh-5000 mAh,1
Samsung Galaxy A23 128 GB,Samsung,Black,18499,128 GB,Android,Not Specified,No,8 MP,6 GB,South Korea,5000 mAh,10k-20k,4001 mAh-5000 mAh,1
Samsung Galaxy M53 5G 128 GB,Samsung,Mystique Green,26999,128 GB,Android,Not Specified,No,32 MP,6 GB,South Korea,5000 mAh,20k-30k,4001 mAh-5000 mAh,1
Samsung Galaxy A03s 64 GB,Samsung,Black,10999,Not Specified,Android,Not Specified,No,5 MP,4 GB,South Korea,5000 mAh,10k-20k,4001 mAh-5000 mAh,1
Redmi 10A 64 GB,Redmi,Charcoal Black,8299,64 GB,Android,Not Specified,No,5 MP,4 GB,Not Specified,5000 mAh,5k-10k,4001 mAh-5000 mAh,1
Realme C30 32GB,realme,Lake Blue,6999,Not Specified,Android,Not Specified,No,5 MP,2 GB,China,5000 mAh,5k-10k,4001 mAh-5000 mAh,1
Realme 9 5G Speed Edition 128 GB,realme,Azure Glow,22999,Not Specified,Android,Not Specified,No,16 MP,8 GB,China,5000 mAh,20k-30k,4001 mAh-5000 mAh,1
Samsung Galaxy A13 128 GB,Samsung,Orange,16499,128 GB,Android,Not Specified,No,8 MP,6 GB,South Korea,5000 mAh,10k-20k,4001 mAh-5000 mAh,1
Samsung Galaxy M53 5G 128 GB,Samsung,Emerald Brown,26999,128 GB,Android,Not Specified,No,32 MP,6 GB,South Korea,5000 mAh,20k-30k,4001 mAh-5000 mAh,1
Samsung Galaxy M53 5G 128 GB,Samsung,Ocean Blue,26999,128 GB,Android,Not Specified,No,32 MP,6 GB,South Korea,5000 mAh,20k-30k,4001 mAh-5000 mAh,1
Samsung S22 Ultra 5G 512 GB,Samsung,Phantom Black,118999,Not Specified,Android,Not Specified,No,40 MP,12 GB,South Korea,5000 mAh, 100k-150k,4001 mAh-5000 mAh,1
Samsung Galaxy A73 5G 256 GB,Samsung,Awesome Mint,44999,256 GB,Android,Not Specified,No,32 MP,8 GB,South Korea,5000 mAh,30k-50k,4001 mAh-5000 mAh,1
Realme 9 5G 64 GB,realme,Stargaze White,15999,64 GB,Android,Not Specified,No,16 MP,4 GB,China,5000 mAh,10k-20k,4001 mAh-5000 mAh,1
Realme 9 5G 128 GB,realme,Smartphone,17499,128 GB,Android,Not Specified,No,16 MP,6 GB,China,5000 mAh,10k-20k,4001 mAh-5000 mAh,1
Samsung Galaxy A13 64 GB,Samsung,Black,13999,64 GB,Android,Not Specified,No,8 MP,4 GB,South Korea,5000 mAh,10k-20k,4001 mAh-5000 mAh,1
Realme C30 32GB,realme,Bamboo Green,7999,Not Specified,Android,Not Specified,No,5 MP,3 GB,China,5000 mAh,5k-10k,4001 mAh-5000 mAh,1
Samsung A12 64 GB,Samsung,White,12999,64 GB,Android,Not Specified,No,8 MP,4 GB,South Korea,5000 mAh,10k-20k,4001 mAh-5000 mAh,1
Samsung A12 64 GB,Samsung,Black,12999,64 GB,Android,Not Specified,No,8 MP,4 GB,South Korea,5000 mAh,10k-20k,4001 mAh-5000 mAh,1
Samsung Galaxy A03s 32 GB,Samsung,Black,9999,Not Specified,Android,Not Specified,No,5 MP,3 GB,South Korea,5000 mAh,5k-10k,4001 mAh-5000 mAh,1
Realme 9 128GB,realme,Sunburst Gold,17999,Not Specified,Android,Not Specified,No,16 MP,8 GB,China,5000 mAh,10k-20k,4001 mAh-5000 mAh,1
Samsung Galaxy A13 128 GB,Samsung,Black,16499,128 GB,Android,Not Specified,No,8 MP,6 GB,South Korea,5000 mAh,10k-20k,4001 mAh-5000 mAh,1
Samsung Galaxy A13 128 GB,Samsung,Light Blue,16499,128 GB,Android,Not Specified,No,8 MP,6 GB,South Korea,5000 mAh,10k-20k,4001 mAh-5000 mAh,1
OnePlus 10 Pro 256 GB,OnePlus,Emerald Forest,66999,256 GB,Android,Not Specified,No,32 MP,12 GB,Not Specified,5000 mAh,50k-80k,4001 mAh-5000 mAh,1
Realme 9 Pro 5G 128 GB,realme,Midnight Black,18999,128 GB,Android,Not Specified,No,16 MP,6 GB,China,5000 mAh,10k-20k,4001 mAh-5000 mAh,1
Realme 9 Pro 5G 128 GB,realme,Aurora Green,18999,128 GB,Android,Not Specified,No,16 MP,6 GB,China,5000 mAh,10k-20k,4001 mAh-5000 mAh,1
OnePlus 10 Pro 256 GB,OnePlus,Volcanic Black,66999,256 GB,Android,Not Specified,No,32 MP,12 GB,Not Specified,5000 mAh,50k-80k,4001 mAh-5000 mAh,1
Samsung S22 Ultra 5G 256 GB,Samsung,Phantom Black,109999,Not Specified,Android,Not Specified,No,40 MP,12 GB,South Korea,5000 mAh, 100k-150k,4001 mAh-5000 mAh,1
Samsung Galaxy A53 5G 128 GB,Samsung,Orange,33499,128 GB,Android,Not Specified,No,32 MP,8 GB,South Korea,5000 mAh,30k-50k,4001 mAh-5000 mAh,1
Samsung Galaxy A23 128 GB,Samsung,Black,19999,128 GB,Android,Not Specified,No,8 MP,8 GB,South Korea,5000 mAh,10k-20k,4001 mAh-5000 mAh,1
Vivo Y21G 64GB,Vivo,Midnight Blue,13499,Not Specified,Android,Not Specified,No,8 MP,4 GB,Not Specified,5000 mAh,10k-20k,4001 mAh-5000 mAh,1
Samsung Galaxy A73 5G 128 GB,Samsung,Awesome Gray,41999,128 GB,Android,Not Specified,No,32 MP,8 GB,South Korea,5000 mAh,30k-50k,4001 mAh-5000 mAh,1
Samsung Galaxy A03s 64 GB,Samsung,White,10999,Not Specified,Android,Not Specified,No,5 MP,4 GB,South Korea,5000 mAh,10k-20k,4001 mAh-5000 mAh,1
Samsung Galaxy A53 5G 128 GB,Samsung,Awesome Black,33499,128 GB,Android,Not Specified,No,32 MP,8 GB,South Korea,5000 mAh,30k-50k,4001 mAh-5000 mAh,1
Samsung Galaxy A23 128 GB,Samsung,Light Blue,19999,128 GB,Android,Not Specified,No,8 MP,8 GB,South Korea,5000 mAh,10k-20k,4001 mAh-5000 mAh,1
Samsung Galaxy M53 5G 128 GB,Samsung,Emerald Brown,28999,128 GB,Android,Not Specified,No,32 MP,8 GB,South Korea,5000 mAh,20k-30k,4001 mAh-5000 mAh,1
Samsung Galaxy A03s 32 GB,Samsung,White,9999,Not Specified,Android,Not Specified,No,5 MP,3 GB,South Korea,5000 mAh,5k-10k,4001 mAh-5000 mAh,1
Vivo T1 5G 128 GB,Vivo,Rainbow Fantasy,19990,128 GB,Android,Not Specified,No,16 MP,8 GB,Not Specified,5000 mAh,10k-20k,4001 mAh-5000 mAh,1
Samsung Galaxy A53 5G 128 GB,Samsung,Light Blue,33499,128 GB,Android,Not Specified,No,32 MP,8 GB,South Korea,5000 mAh,30k-50k,4001 mAh-5000 mAh,1
Samsung S22 Ultra 5G 256 GB,Samsung,Smartphone,109999,Not Specified,Android,Not Specified,No,40 MP,12 GB,South Korea,5000 mAh, 100k-150k,4001 mAh-5000 mAh,1
Samsung Galaxy A23 128 GB,Samsung,Orange,18499,128 GB,Android,Not Specified,No,8 MP,6 GB,South Korea,5000 mAh,10k-20k,4001 mAh-5000 mAh,1
Samsung Galaxy A13 64 GB,Samsung,Light Blue,14499,64 GB,Android,Not Specified,No,8 MP,4 GB,South Korea,5000 mAh,10k-20k,4001 mAh-5000 mAh,1
Samsung Galaxy A33 5G 128 GB,Samsung,Awesome Black,25999,Not Specified,Android,Not Specified,No,13 MP,6 GB,South Korea,5000 mAh,20k-30k,4001 mAh-5000 mAh,1
Samsung Galaxy A53 5G 128 GB,Samsung,Light Blue,31999,128 GB,Android,Not Specified,No,32 MP,6 GB,South Korea,5000 mAh,30k-50k,4001 mAh-5000 mAh,1
OnePlus Nord CE 2 Lite 5G,OnePlus,Mobile Phone,20999,Not Specified,Android,Not Specified,No,16 MP,8 GB,Not Specified,5000 mAh,20k-30k,4001 mAh-5000 mAh,1
OnePlus Nord CE 2 Lite 5G,OnePlus,Mobile Phone,18999,Not Specified,Android,Not Specified,No,16 MP,6 GB,Not Specified,5000 mAh,10k-20k,4001 mAh-5000 mAh,1
OnePlus Nord CE 2 Lite 5G,OnePlus,Mobile Phone,20999,Not Specified,Android,Not Specified,No,16 MP,8 GB,Not Specified,5000 mAh,20k-30k,4001 mAh-5000 mAh,1
Vivo Y75 5G 128 GB,Vivo,Glowing Galaxy,21990,Not Specified,Android,Not Specified,No,16 MP,8 GB,Not Specified,5000 mAh,20k-30k,4001 mAh-5000 mAh,1
Vivo Y75 5G 128 GB,Vivo,Starlight Black,21990,Not Specified,Android,Not Specified,No,16 MP,8 GB,Not Specified,5000 mAh,20k-30k,4001 mAh-5000 mAh,1
Samsung Galaxy A33 5G 128 GB,Samsung,Awesome Blue,25999,Not Specified,Android,Not Specified,No,13 MP,6 GB,South Korea,5000 mAh,20k-30k,4001 mAh-5000 mAh,1
Motorola Edge 20 Fusion 5G 128 GB,Motorola,Cyber Teal,18999,Not Specified,Android,Not Specified,No,32 MP,6 GB,Not Specified,5000 mAh,10k-20k,4001 mAh-5000 mAh,1
Vivo T1 5G 128 GB,Vivo,Starlight Black,19990,128 GB,Android,Not Specified,No,16 MP,8 GB,Not Specified,5000 mAh,10k-20k,4001 mAh-5000 mAh,1
Vivo T1 5G 128 GB,Vivo,Starlight Black,16990,128 GB,Android,Not Specified,No,16 MP,6 GB,Not Specified,5000 mAh,10k-20k,4001 mAh-5000 mAh,1
Vivo T1x 128 GB,Vivo,Space Blue,14999,128 GB,Android,Not Specified,No,8 MP,6 GB,Not Specified,5000 mAh,10k-20k,4001 mAh-5000 mAh,1
Vivo T1x 128 GB,Vivo,Gravity Black,14999,128 GB,Android,Not Specified,No,8 MP,6 GB,Not Specified,5000 mAh,10k-20k,4001 mAh-5000 mAh,1
Infinix Note 12 Turbo 128GB,Infinix,Snowfall White,14999,128 GB,Android,Not Specified,No,16 MP,8 GB,Hong Kong,5000 mAh,10k-20k,4001 mAh-5000 mAh,1
Infinix Note 12 128GB,Infinix,Sunset Gold,12999,128 GB,Android,Not Specified,No,16 MP,6 GB,Hong Kong,5000 mAh,10k-20k,4001 mAh-5000 mAh,1
Infinix Note 12 128GB,Infinix,Force Black,12999,128 GB,Android,Not Specified,No,16 MP,6 GB,Hong Kong,5000 mAh,10k-20k,4001 mAh-5000 mAh,1
Infinix Note 12 Turbo 128GB,Infinix,Force Black,14999,128 GB,Android,Not Specified,No,16 MP,8 GB,Hong Kong,5000 mAh,10k-20k,4001 mAh-5000 mAh,1
Samsung S22 Ultra 5G 512 GB,Samsung,Phantom White,118999,Not Specified,Android,Not Specified,No,40 MP,12 GB,South Korea,5000 mAh, 100k-150k,4001 mAh-5000 mAh,1
Vivo T1 4G 128GB,Vivo,Ice Dawn,17999,Not Specified,Android,Not Specified,No,16 MP,8 GB,Not Specified,5000 mAh,10k-20k,4001 mAh-5000 mAh,1
Vivo Y15c 64 GB,Vivo,Wave Green,10499,64 GB,Android,Not Specified,No,8 MP,3 GB,Not Specified,5000 mAh,10k-20k,4001 mAh-5000 mAh,1
Vivo T1 4G 128GB,Vivo,Midnight Galaxy,17999,Not Specified,Android,Not Specified,No,16 MP,8 GB,Not Specified,5000 mAh,10k-20k,4001 mAh-5000 mAh,1
Vivo T1 4G 128GB,Vivo,Starry Sky,17999,Not Specified,Android,Not Specified,No,16 MP,8 GB,Not Specified,5000 mAh,10k-20k,4001 mAh-5000 mAh,1
Vivo T1 5G 128 GB,Vivo,Rainbow Fantasy,15990,128 GB,Android,Not Specified,No,16 MP,4 GB,Not Specified,5000 mAh,10k-20k,4001 mAh-5000 mAh,1
Vivo T1x 64 GB,Vivo,Space Blue,11999,64 GB,Android,Not Specified,No,8 MP,4 GB,Not Specified,5000 mAh,10k-20k,4001 mAh-5000 mAh,1
Realme 9 128GB,realme,Stargaze White,16999,Not Specified,Android,Not Specified,No,16 MP,6 GB,China,5000 mAh,10k-20k,4001 mAh-5000 mAh,1
Samsung Galaxy A13 128 GB,Samsung,Light Blue,14999,128 GB,Android,Not Specified,No,8 MP,4 GB,South Korea,5000 mAh,10k-20k,4001 mAh-5000 mAh,1
Samsung Galaxy A03s 32 GB,Samsung,Blue,9999,Not Specified,Android,Not Specified,No,5 MP,3 GB,South Korea,5000 mAh,5k-10k,4001 mAh-5000 mAh,1
Realme 9 5G 128 GB,realme,Smartphone,17499,128 GB,Android,Not Specified,No,16 MP,6 GB,China,5000 mAh,10k-20k,4001 mAh-5000 mAh,1
Samsung Galaxy A23 128 GB,Samsung,Light Blue,18499,128 GB,Android,Not Specified,No,8 MP,6 GB,South Korea,5000 mAh,10k-20k,4001 mAh-5000 mAh,1
Realme 9 128GB,realme,Stargaze White,17999,Not Specified,Android,Not Specified,No,16 MP,8 GB,China,5000 mAh,10k-20k,4001 mAh-5000 mAh,1
Samsung Galaxy M52 128 GB,Samsung,6 GB RAM Blazing Black,24999,128 GB,Android,Not Specified,No,32 MP,6 GB,South Korea,5000 mAh,20k-30k,4001 mAh-5000 mAh,1
Samsung Galaxy A03 32 GB,Samsung,Red,8499,Not Specified,Android,Not Specified,No,5 MP,3 GB,South Korea,5000 mAh,5k-10k,4001 mAh-5000 mAh,1
Realme 9 128GB,realme,Meteor Black,16999,Not Specified,Android,Not Specified,No,16 MP,6 GB,China,5000 mAh,10k-20k,4001 mAh-5000 mAh,1
Samsung Galaxy A03 32 GB,Samsung,Blue,8499,Not Specified,Android,Not Specified,No,5 MP,3 GB,South Korea,5000 mAh,5k-10k,4001 mAh-5000 mAh,1
Samsung Galaxy M52 128 GB,Samsung,8 GB RAM Blazing Black,26999,128 GB,Android,Not Specified,No,32 MP,8 GB,South Korea,5000 mAh,20k-30k,4001 mAh-5000 mAh,1
Realme 9 5G 64 GB,realme,Meteor Black,15999,64 GB,Android,Not Specified,No,16 MP,4 GB,China,5000 mAh,10k-20k,4001 mAh-5000 mAh,1
Motorola G82 5G 128GB,Motorola,White Lily,18999,Not Specified,Android,Not Specified,No,16 MP,6 GB,Not Specified,5000 mAh,10k-20k,4001 mAh-5000 mAh,1
Realme 9 5G Speed Edition 128 GB,realme,Starry Glow,22999,Not Specified,Android,Not Specified,No,16 MP,8 GB,China,5000 mAh,20k-30k,4001 mAh-5000 mAh,1
OnePlus 10 Pro 128 GB RAM,OnePlus,Volcanic Black,61999,128 GB,Android,Not Specified,No,32 MP,8 GB,Not Specified,5000 mAh,50k-80k,4001 mAh-5000 mAh,1
Samsung Galaxy A03 32 GB,Samsung,Black,8499,Not Specified,Android,Not Specified,No,5 MP,3 GB,South Korea,5000 mAh,5k-10k,4001 mAh-5000 mAh,1
Motorola G82 5G 128GB,Motorola,Meteorite Gray,18999,Not Specified,Android,Not Specified,No,16 MP,6 GB,Not Specified,5000 mAh,10k-20k,4001 mAh-5000 mAh,1
Vivo Y21E 64 GB,Vivo,Midnight Blue,12499,64 GB,Android,Not Specified,No,8 MP,3 GB,Not Specified,5000 mAh,10k-20k,4001 mAh-5000 mAh,1
Vivo Y21E 64 GB,Vivo,Diamond Glow,12499,64 GB,Android,Not Specified,No,8 MP,3 GB,Not Specified,5000 mAh,10k-20k,4001 mAh-5000 mAh,1
OnePlus 10R 5G 128 GB,OnePlus,Forest Green (80 Watts),32999,128 GB,Android,Not Specified,No,16 MP,8 GB,Not Specified,5000 mAh,30k-50k,4001 mAh-5000 mAh,1
Motorola E40 64 GB,Motorola,Carbon Gray,9999,64 GB,Android,Not Specified,No,8 MP,4 GB,Not Specified,5000 mAh,5k-10k,4001 mAh-5000 mAh,1
Motorola E40 64 GB,Motorola,Pink Clay,9999,64 GB,Android,Not Specified,No,8 MP,4 GB,Not Specified,5000 mAh,5k-10k,4001 mAh-5000 mAh,1
Redmi 10A 32 GB,Redmi,Charcoal Black,7999,32 GB,Android,Not Specified,No,5 MP,3 GB,Not Specified,5000 mAh,5k-10k,4001 mAh-5000 mAh,1
OnePlus Nord CE 2 Lite 5G,OnePlus,Mobile Phone,18999,Not Specified,Android,Not Specified,No,16 MP,6 GB,Not Specified,5000 mAh,10k-20k,4001 mAh-5000 mAh,1
Realme 9 128GB,realme,Meteor Black,17999,Not Specified,Android,Not Specified,No,16 MP,8 GB,China,5000 mAh,10k-20k,4001 mAh-5000 mAh,1
Vivo Y01 32 GB,Vivo,Elegant Black,7999,32 GB,Android,Not Specified,No,5 MP,2 GB,Not Specified,5000 mAh,5k-10k,4001 mAh-5000 mAh,1
Tecno Spark 8 Pro 64 GB,Tecno,Turquoise Cyan,10299,64 GB,Android,Not Specified,No,8 MP,4 GB,Not Specified,5000 mAh,10k-20k,4001 mAh-5000 mAh,1
VIVO Y21 64 GB,Vivo,Diamond Glow Mobile Phone (JioExclusive offer available),13499,64 GB,Android,Not Specified,No,8 MP,4 GB,Not Specified,5000 mAh,10k-20k,4001 mAh-5000 mAh,1
Motorola G82 5G 128GB,Motorola,Meteorite Gray,20499,Not Specified,Android,Not Specified,No,16 MP,8 GB,Not Specified,5000 mAh,20k-30k,4001 mAh-5000 mAh,1
Realme GT Neo 3 5G 128GB,realme,Sprint White,36999,128 GB,Android,Not Specified,No,16 MP,8 GB,China,5000 mAh,30k-50k,4001 mAh-5000 mAh,1
Realme GT Neo 3 5G 128GB,realme,Asphalt Black,36999,128 GB,Android,Not Specified,No,16 MP,8 GB,China,5000 mAh,30k-50k,4001 mAh-5000 mAh,1
Motorola G82 5G 128GB,Motorola,White Lily,20499,Not Specified,Android,Not Specified,No,16 MP,8 GB,Not Specified,5000 mAh,20k-30k,4001 mAh-5000 mAh,1
Infinix Note 12 128GB,Infinix,Jewel Blue,12999,128 GB,Android,Not Specified,No,16 MP,6 GB,Hong Kong,5000 mAh,10k-20k,4001 mAh-5000 mAh,1
Infinix Note 12 Turbo 128GB,Infinix,Sapphire Blue,14999,128 GB,Android,Not Specified,No,16 MP,8 GB,Hong Kong,5000 mAh,10k-20k,4001 mAh-5000 mAh,1
Samsung Galaxy A03s 64 GB,Samsung,Blue,10999,Not Specified,Android,Not Specified,No,5 MP,4 GB,South Korea,5000 mAh,10k-20k,4001 mAh-5000 mAh,1
Redmi Note 10T 5G 128 GB,Redmi,Chromium White,16999,128 GB,Android,Not Specified,No,8 MP,6 GB,Not Specified,5000 mAh,10k-20k,4001 mAh-5000 mAh,1
VIVO Y15c 32 GB,Vivo,Wave Green,9499,32 GB,Android,Not Specified,No,18 MP,3 GB,Not Specified,5000 mAh,5k-10k,4001 mAh-5000 mAh,1
Realme C35 64 GB,realme,Glowing Green,11999,64 GB,Android,Not Specified,No,8 MP,4 GB,China,5000 mAh,10k-20k,4001 mAh-5000 mAh,1
OnePlus 10R 5G 256 GB,OnePlus,Sierra Black (80 Watts),36999,256 GB,Android,Not Specified,No,16 MP,12 GB,Not Specified,5000 mAh,30k-50k,4001 mAh-5000 mAh,1
Tecno Spark 8T 64 GB,Tecno,Atlantic Blue,9899,64 GB,Android,Not Specified,No,8 MP,4 GB,Not Specified,5000 mAh,5k-10k,4001 mAh-5000 mAh,1
Realme C31 32GB,realme,Light Silver,8099,Not Specified,Android,Not Specified,No,5 MP,3 GB,China,5000 mAh,5k-10k,4001 mAh-5000 mAh,1
Realme C31 32GB,realme,Dark Green,8099,Not Specified,Android,Not Specified,No,5 MP,3 GB,China,5000 mAh,5k-10k,4001 mAh-5000 mAh,1
Motorola G31 128 GB,Motorola,Baby Blue,11999,128 GB,Android,Not Specified,No,13 MP,6 GB,Not Specified,5000 mAh,10k-20k,4001 mAh-5000 mAh,1
Moto g22 64 GB,Moto,Mint Green,9999,64 GB,Android,Not Specified,No,16 MP,4 GB,Not Specified,5000 mAh,5k-10k,4001 mAh-5000 mAh,1
Motorola G31 64 GB,Motorola,Meteorite Gray,9999,64 GB,Android,Not Specified,No,13 MP,4 GB,Not Specified,5000 mAh,5k-10k,4001 mAh-5000 mAh,1
Moto g22 64 GB,Moto,Iceberg Blue,9999,64 GB,Android,Not Specified,No,16 MP,4 GB,Not Specified,5000 mAh,5k-10k,4001 mAh-5000 mAh,1
"OnePlus 10R 5G 256GB,12GB RAM",OnePlus,Forest Green (80 Watts),36999,256 GB,Android,Not Specified,No,16 MP,12 GB,Not Specified,5000 mAh,30k-50k,4001 mAh-5000 mAh,1
OnePlus 10R 5G 128 GB,OnePlus,Sierra Black (80 Watts),32999,128 GB,Android,Not Specified,No,16 MP,8 GB,Not Specified,5000 mAh,30k-50k,4001 mAh-5000 mAh,1
Samsung Galaxy A32 128 GB,Samsung,Awesome White,20499,128 GB,Android,Type C,No,20 MP,6 GB,South Korea,5000 mAh,20k-30k,4001 mAh-5000 mAh,1
Samsung Galaxy A32 128 GB,Samsung,Awesome Blue,20499,128 GB,Android,Type C,No,20 MP,6 GB,South Korea,5000 mAh,20k-30k,4001 mAh-5000 mAh,1
Samsung Galaxy A32 128 GB,Samsung,Awesome Violet,20499,128 GB,Android,Type C,No,20 MP,6 GB,South Korea,5000 mAh,20k-30k,4001 mAh-5000 mAh,1
Samsung Galaxy F42 5G 128 GB,Samsung,Matte Black,20999,Not Specified,Android,Type C,Yes,8 MP,6 GB,South Korea,5000 mAh,20k-30k,4001 mAh-5000 mAh,1
Samsung Galaxy F42 5G 128 GB,Samsung,Matte Aqua,22999,Not Specified,Android,Type C,Yes,8 MP,8 GB,South Korea,5000 mAh,20k-30k,4001 mAh-5000 mAh,1
Samsung Galaxy F42 5G 128 GB,Samsung,Matte Black,22999,Not Specified,Android,Type C,Yes,8 MP,8 GB,South Korea,5000 mAh,20k-30k,4001 mAh-5000 mAh,1
Samsung Galaxy A03 Core 32 GB,Samsung,Blue,6999,32 GB,Android,Type C,No,5 MP,2 GB,South Korea,5000 mAh,5k-10k,4001 mAh-5000 mAh,1
Vivo Y20T 64 GB,Vivo,Obsidian Black,15490,64 GB,Android,Micro USB,No,8 MP,6 GB,Not Specified,5000 mAh,10k-20k,4001 mAh-5000 mAh,1
Samsung Galaxy M02s 32 GB,Samsung,Red,9499,Not Specified,Android,Type C,No,5 MP,3 GB,South Korea,5000 mAh,5k-10k,4001 mAh-5000 mAh,1
Samsung Galaxy M02s 32 GB,Samsung,Black,9499,Not Specified,Android,Type C,No,5 MP,3 GB,South Korea,5000 mAh,5k-10k,4001 mAh-5000 mAh,1
Vivo Y21T 128 GB,Vivo,Midnight Blue,15499,128 GB,Android,Type C,No,8 MP,4 GB,Not Specified,5000 mAh,10k-20k,4001 mAh-5000 mAh,1
Vivo Y16 64 GB,Vivo,Stellar Black,12499,Not Specified,Android,Type C,Yes,5 MP,4 GB,Not Specified,5000 mAh,10k-20k,4001 mAh-5000 mAh,1
VIVO Y33s 128 GB,Vivo,Mirror Black,17990,128 GB,Android,Type C,No,16 MP,8 GB,Not Specified,5000 mAh,10k-20k,4001 mAh-5000 mAh,1
Samsung Galaxy A32 128 GB,Samsung,Awesome Black,20499,128 GB,Android,Type C,No,20 MP,6 GB,South Korea,5000 mAh,20k-30k,4001 mAh-5000 mAh,1
Samsung Galaxy A22 5G 128 GB,Samsung,Gray,19999,128 GB,Android,Type C,Yes,8 MP,6 GB,South Korea,5000 mAh,10k-20k,4001 mAh-5000 mAh,1
VIVO Y21 64 GB,Vivo,Midnight Blue,13499,64 GB,Android,Type C,No,8 MP,4 GB,Not Specified,5000 mAh,10k-20k,4001 mAh-5000 mAh,1
Vivo Y16 64 GB,Vivo,Drizzling Gold,12499,Not Specified,Android,Type C,Yes,5 MP,4 GB,Not Specified,5000 mAh,10k-20k,4001 mAh-5000 mAh,1
Vivo Y02 32 GB,Vivo,Cosmic Grey,8999,32 GB,Android,USB 2.0,Yes,5 MP,3 GB,Not Specified,5000 mAh,5k-10k,4001 mAh-5000 mAh,1
Vivo Y02 32 GB,Vivo,Orchid Blue,8999,32 GB,Android,USB 2.0,Yes,5 MP,3 GB,Not Specified,5000 mAh,5k-10k,4001 mAh-5000 mAh,1
Infinix Note 12 Pro 5G,Infinix,Force Black,18999,128 GB,Android,Type C,Yes,16 MP,8 GB,Hong Kong,5000 mAh,10k-20k,4001 mAh-5000 mAh,1
Vivo Y16 64 GB,Vivo,Stellar Black,9999,Not Specified,Android,Type C,Yes,5 MP,3 GB,Not Specified,5000 mAh,5k-10k,4001 mAh-5000 mAh,1
Vivo Y16 64 GB,Vivo,Drizzling Gold,9999,Not Specified,Android,Type C,Yes,5 MP,3 GB,Not Specified,5000 mAh,5k-10k,4001 mAh-5000 mAh,1
Vivo Y21T 128 GB,Vivo,Pearl White,15499,128 GB,Android,Type C,No,8 MP,4 GB,Not Specified,5000 mAh,10k-20k,4001 mAh-5000 mAh,1
Redmi 9A 32 GB,Redmi,Nature Green,7499,32 GB,Android,Micro USB,No,5 MP,3 GB,Not Specified,5000 mAh,5k-10k,4001 mAh-5000 mAh,1
Samsung Galaxy M52 128 GB,Samsung,8 GB RAM Icy Blue,26999,128 GB,Android,Type C,Yes,32 MP,8 GB,South Korea,5000 mAh,20k-30k,4001 mAh-5000 mAh,1
Samsung Galaxy M52 128 GB,Samsung,6 GB RAM Icy Blue,24999,128 GB,Android,Type C,No,32 MP,6 GB,South Korea,5000 mAh,20k-30k,4001 mAh-5000 mAh,1
Samsung A04s 64 GB,Samsung,Copper,13499,64 GB,Android,Type C,Yes,5 MP,4 GB,South Korea,5000 mAh,10k-20k,4001 mAh-5000 mAh,1
VIVO Y21 64 GB,Vivo,Midnight Blue Mobile Phone (JioExclusive offer available),13499,64 GB,Android,Type C,No,8 MP,4 GB,Not Specified,5000 mAh,10k-20k,4001 mAh-5000 mAh,1
Samsung A04s 64 GB,Samsung,Green,13499,64 GB,Android,Type C,Yes,5 MP,4 GB,South Korea,5000 mAh,10k-20k,4001 mAh-5000 mAh,1
Redmi 9A Sport 32 GB 2 GB RAM,Redmi,Carbon Black,6499,32 GB,Android,Type C,No,5 MP,2 GB,Not Specified,5000 mAh,5k-10k,4001 mAh-5000 mAh,1
Samsung A04s 64 GB,Samsung,Black,13499,64 GB,Android,Type C,Yes,5 MP,4 GB,South Korea,5000 mAh,10k-20k,4001 mAh-5000 mAh,1
Realme C30s 64 GB,realme,Stripe Blue,8999,64 GB,Android,Type C,Yes,Not Specified,4 GB,China,5000 mAh,5k-10k,4001 mAh-5000 mAh,1
Samsung Galaxy A04 128 GB,Samsung,Black,12999,128 GB,Android,Type C,No,5 MP,4 GB,South Korea,5000 mAh,10k-20k,4001 mAh-5000 mAh,1
Samsung Galaxy A04 128 GB,Samsung,Green,12999,128 GB,Android,Type C,No,5 MP,4 GB,South Korea,5000 mAh,10k-20k,4001 mAh-5000 mAh,1
Infinix Smart 6 64GB,Infinix,Polar Black,7499,64 GB,Android,Type C,No,5 MP,2 GB,Hong Kong,5000 mAh,5k-10k,4001 mAh-5000 mAh,1
Infinix Note 12 5G,Infinix,Force Black,15999,64 GB,Android,Type C,Yes,16 MP,6 GB,Hong Kong,5000 mAh,10k-20k,4001 mAh-5000 mAh,1
Redmi 9A 32 GB,Redmi,Sea Blue,7499,32 GB,Android,Micro USB,No,5 MP,3 GB,Not Specified,5000 mAh,5k-10k,4001 mAh-5000 mAh,1
Samsung Galaxy A22 128 GB 6 GB Black,Samsung,,18499,Not Specified,Android,Type C,No,13 MP,6 GB,South Korea,5000 mAh,10k-20k,4001 mAh-5000 mAh,1
Samsung Galaxy A03 64 GB,Samsung,Blue,11499,64 GB,Android,Type C,Yes,5 MP,4 GB,South Korea,5000 mAh,10k-20k,4001 mAh-5000 mAh,1
Infinix Hot 12 Pro 128 GB,Infinix,Halo White,12999,128 GB,Android,Type C,No,8 MP,8 GB,Hong Kong,5000 mAh,10k-20k,4001 mAh-5000 mAh,1
Infinix Hot 12 Pro 128 GB,Infinix,Electric Blue,12999,128 GB,Android,Type C,No,8 MP,8 GB,Hong Kong,5000 mAh,10k-20k,4001 mAh-5000 mAh,1
Infinix Hot 12 Pro 128 GB,Infinix,Racing Black,12999,128 GB,Android,Type C,Yes,8 MP,8 GB,Hong Kong,5000 mAh,10k-20k,4001 mAh-5000 mAh,1
Infinix Hot 12 Pro 128 GB,Infinix,Lightsaber Green,12999,128 GB,Android,Type C,Yes,8 MP,8 GB,Hong Kong,5000 mAh,10k-20k,4001 mAh-5000 mAh,1
Infinix Smart 6 64GB,Infinix,Starry Purple,7499,64 GB,Android,Type C,Yes,5 MP,2 GB,Hong Kong,5000 mAh,5k-10k,4001 mAh-5000 mAh,1
Infinix Smart 6 64GB,Infinix,Light Sea Green,7499,64 GB,Android,Type C,Yes,5 MP,2 GB,Hong Kong,5000 mAh,5k-10k,4001 mAh-5000 mAh,1
Infinix Smart 6 64GB,Infinix,Heart of Ocean,7499,64 GB,Android,Type C,Yes,5 MP,2 GB,Hong Kong,5000 mAh,5k-10k,4001 mAh-5000 mAh,1
Redmi 9A 32 GB,Redmi,Midnight Black,7499,32 GB,Android,Micro USB,No,5 MP,3 GB,Not Specified,5000 mAh,5k-10k,4001 mAh-5000 mAh,1
Oppo A17 64 GB,Oppo,Sunlight Orange,12499,64 GB,Android,Micro USB,Yes,5 MP,4 GB,Not Specified,5000 mAh,10k-20k,4001 mAh-5000 mAh,1
Redmi 9A Sport 32 GB 3 GB RAM,Redmi,Carbon Black,7499,32 GB,Android,Type C,No,5 MP,3 GB,Not Specified,5000 mAh,5k-10k,4001 mAh-5000 mAh,1
Samsung Galaxy F42 5G 128 GB,Samsung,Matte Aqua,20999,Not Specified,Android,Type C,Yes,8 MP,6 GB,South Korea,5000 mAh,20k-30k,4001 mAh-5000 mAh,1
Realme C30s 64 GB,realme,Stripe Black,8999,64 GB,Android,Type C,Yes,Not Specified,4 GB,China,5000 mAh,5k-10k,4001 mAh-5000 mAh,1
realme C21Y 64 GB,realme,Cross Black Mobile Phone,10499,64 GB,Android,Type C,No,5 MP,4 GB,China,5000 mAh,10k-20k,4001 mAh-5000 mAh,1
Oppo A53s 5G 128 GB,Oppo,Ink Black,17990,128 GB,Android,Type C,Yes,8 MP,8 GB,India,5000 mAh,10k-20k,4001 mAh-5000 mAh,1
realme C21Y 64 GB,realme,Cross Blue Mobile Phone,10499,64 GB,Android,Type C,No,5 MP,4 GB,China,5000 mAh,10k-20k,4001 mAh-5000 mAh,1
Vivo T1 44W 128 GB,Vivo,Ice Dawn,15999,128 GB,Android,Not Specified,No,16 MP,6 GB,India,5000 mAh,10k-20k,4001 mAh-5000 mAh,1
Vivo T1 44W 128 GB,Vivo,Starry Sky,15999,128 GB,Android,Not Specified,No,16 MP,6 GB,India,5000 mAh,10k-20k,4001 mAh-5000 mAh,1
Vivo T1 44W 128 GB,Vivo,Midnight Galaxy,15999,128 GB,Android,Not Specified,No,16 MP,6 GB,India,5000 mAh,10k-20k,4001 mAh-5000 mAh,1
Xiaomi 11T Pro 5G 5G 256 GB,Xiaomi,Meteorite Black,37999,256 GB,Android,Not Specified,No,16 MP,8 GB,India,5000 mAh,30k-50k,4001 mAh-5000 mAh,1
realme C25Y 128 GB,realme,Metal Grey,11999,128 GB,Android,Micro USB,No,8 MP,4 GB,China,5000 mAh,10k-20k,4001 mAh-5000 mAh,1
Redmi Note 10S 128 GB,Redmi,Shadow Black,18499,128 GB,Android,Type C,No,13 MP,8 GB,India,5000 mAh,10k-20k,4001 mAh-5000 mAh,1
Redmi Note 11T 5G 64 GB,Redmi,Matte Black,16999,64 GB,Android,Type C,Yes,16 MP,6 GB,India,5000 mAh,10k-20k,4001 mAh-5000 mAh,1
Redmi Note 11T 5G 64 GB,Redmi,Stardust White,16999,64 GB,Android,Type C,Yes,16 MP,6 GB,India,5000 mAh,10k-20k,4001 mAh-5000 mAh,1
Redmi Note 11T 5G 64 GB,Redmi,Aquamarine Blue,16999,64 GB,Android,Type C,Yes,16 MP,6 GB,India,5000 mAh,10k-20k,4001 mAh-5000 mAh,1
Redmi Note 11 Pro 128 GB,Redmi,Star Blue,19999,128 GB,Android,Not Specified,No,16 MP,8 GB,India,5000 mAh,10k-20k,4001 mAh-5000 mAh,1
Redmi Note 11 Pro 128 GB,Redmi,Phantom White,19999,128 GB,Android,Not Specified,No,16 MP,8 GB,India,5000 mAh,10k-20k,4001 mAh-5000 mAh,1
Redmi 11 Prime 5G 64 GB,Redmi,Chrome Silver Mobile Phone,13999,64 GB,Android,Type C,Yes,8 MP,4 GB,India,5000 mAh,10k-20k,4001 mAh-5000 mAh,1
Redmi 11 Prime 5G 64 GB,Redmi,Thunder Black Mobile Phone,13999,64 GB,Android,Type C,Yes,8 MP,4 GB,India,5000 mAh,10k-20k,4001 mAh-5000 mAh,1
Xiaomi Redmi Note 10T 5G 128 GB,Xiaomi,Mint Green,16999,128 GB,Android,Type C,Yes,8 MP,6 GB,India,5000 mAh,10k-20k,4001 mAh-5000 mAh,1
realme C11 2021 32 GB,realme,Cool Blue,7499,32 GB,Android,Not Specified,No,5 MP,2 GB,China,5000 mAh,5k-10k,4001 mAh-5000 mAh,1
Realme 8 5G 128 GB,realme,Supersonic Blue,16499,128 GB,Android,Type C,Yes,16 MP,4 GB,China,5000 mAh,10k-20k,4001 mAh-5000 mAh,1
Redmi Note 10S 128 GB,Redmi,Cosmic Purple,16499,128 GB,Android,Type C,No,13 MP,6 GB,India,5000 mAh,10k-20k,4001 mAh-5000 mAh,1
OPPO A96 128 GB,Oppo,Sunset Blue,17999,128 GB,Android,Not Specified,No,16 MP,8 GB,India,5000 mAh,10k-20k,4001 mAh-5000 mAh,1
Xiaomi 11T Pro 5G 128 GB,Xiaomi,Meteorite Black,36999,128 GB,Android,Not Specified,No,16 MP,8 GB,India,5000 mAh,30k-50k,4001 mAh-5000 mAh,1
Realme C30 32 GB,realme,Denim Black,6999,32 GB,Android,Not Specified,No,5 MP,2 GB,China,5000 mAh,5k-10k,4001 mAh-5000 mAh,1
Redmi Note 10S 128 GB,Redmi,Frost White,16499,Not Specified,Android,Type C,No,13 MP,6 GB,India,5000 mAh,10k-20k,4001 mAh-5000 mAh,1
Realme C25-Y 64 GB,realme,Glacier Blue,10999,64 GB,Android,Type C,No,8 MP,4 GB,China,5000 mAh,10k-20k,4001 mAh-5000 mAh,1
Oppo A54 64 GB,Oppo,Crystal Black,10990,Not Specified,Android,Type C,No,16 MP,4 GB,India,5000 mAh,10k-20k,4001 mAh-5000 mAh,1
Oppo A54 64 GB,Oppo,Starry Blue,10990,Not Specified,Android,Type C,No,16 MP,4 GB,India,5000 mAh,10k-20k,4001 mAh-5000 mAh,1
Redmi Note 11 Pro 128 GB,Redmi,Stealth Black,19999,128 GB,Android,Not Specified,No,16 MP,8 GB,India,5000 mAh,10k-20k,4001 mAh-5000 mAh,1
Redmi Note 11 Pro Plus 5G 256 GB,Redmi,Phantom White,22999,256 GB,Android,Not Specified,No,16 MP,8 GB,India,5000 mAh,20k-30k,4001 mAh-5000 mAh,1
Redmi Note 11 Pro Plus 5G 128 GB,Redmi,Mirage Blue,20999,128 GB,Android,Not Specified,No,16 MP,8 GB,India,5000 mAh,20k-30k,4001 mAh-5000 mAh,1
Redmi Note 11 Pro Plus 5G 256 GB,Redmi,Stealth Black,22999,256 GB,Android,Not Specified,No,16 MP,8 GB,India,5000 mAh,20k-30k,4001 mAh-5000 mAh,1
Redmi Note 11 Pro Plus 5G 128 GB,Redmi,Stealth Black,20999,128 GB,Android,Not Specified,No,16 MP,8 GB,India,5000 mAh,20k-30k,4001 mAh-5000 mAh,1
Redmi Note 11 Pro Plus 5G 128 GB,Redmi,Phantom White,20999,128 GB,Android,Not Specified,No,16 MP,8 GB,India,5000 mAh,20k-30k,4001 mAh-5000 mAh,1
Redmi Note 11 Pro Plus 5G 256 GB,Redmi,Mirage Blue,22999,256 GB,Android,Not Specified,No,16 MP,8 GB,India,5000 mAh,20k-30k,4001 mAh-5000 mAh,1
Realme 9i 5G 64 GB,realme,Soulful Blue,14999,64 GB,Android,Type C,Yes,8 MP,4 GB,China,5000 mAh,10k-20k,4001 mAh-5000 mAh,1
Redmi Note 10S 128 GB,Redmi,Deep Sea Blue,16499,Not Specified,Android,Type C,No,13 MP,6 GB,India,5000 mAh,10k-20k,4001 mAh-5000 mAh,1
Redmi Note 10S 128 GB,Redmi,Shadow Black,16499,Not Specified,Android,Type C,No,13 MP,6 GB,India,5000 mAh,10k-20k,4001 mAh-5000 mAh,1
Redmi Note 10S 64 GB,Redmi,Deep Sea Blue,14999,Not Specified,Android,Type C,No,13 MP,6 GB,India,5000 mAh,10k-20k,4001 mAh-5000 mAh,1
Redmi Note 10S 64 GB,Redmi,Shadow Black,14999,Not Specified,Android,Type C,No,13 MP,6 GB,India,5000 mAh,10k-20k,4001 mAh-5000 mAh,1
realme C25Y 128 GB,realme,Glacier Blue,11999,128 GB,Android,Micro USB,No,8 MP,4 GB,China,5000 mAh,10k-20k,4001 mAh-5000 mAh,1
Realme C33 64 GB,realme,Aqua Blue,9999,Not Specified,Android,Micro USB,No,5 MP,4 GB,China,5000 mAh,5k-10k,4001 mAh-5000 mAh,1
Vivo Y35 128 GB,Vivo,Agate Black,18499,Not Specified,Android,Type C,Yes,16 MP,8 GB,India,5000 mAh,10k-20k,4001 mAh-5000 mAh,1
realme C11 2021 64 GB,realme,Cool Blue,8999,64 GB,Android,Micro USB,No,5 MP,4 GB,China,5000 mAh,5k-10k,4001 mAh-5000 mAh,1
Vivo T1 44W 128 GB,Vivo,Starry Sky,14499,128 GB,Android,Not Specified,No,16 MP,4 GB,India,5000 mAh,10k-20k,4001 mAh-5000 mAh,1
Realme 8i 128 GB,realme,Space Purple,15999,128 GB,Android,Type C,No,16 MP,6 GB,China,5000 mAh,10k-20k,4001 mAh-5000 mAh,1
Vivo T1 44W 128 GB,Vivo,Midnight Galaxy,14499,128 GB,Android,Not Specified,No,16 MP,4 GB,India,5000 mAh,10k-20k,4001 mAh-5000 mAh,1
Motorola G72,Motorola,Polar Blue,18999,128 GB,Android,Not Specified,No,16 MP,6 GB,India,5000 mAh,10k-20k,4001 mAh-5000 mAh,1
Redmi 11 Prime 128 GB,Redmi,Peppy Purple Mobile Phone,13999,128 GB,Android,Type C,Yes,8 MP,6 GB,India,5000 mAh,10k-20k,4001 mAh-5000 mAh,1
Redmi 11 Prime 64 GB,Redmi,Playful Green Mobile Phone,11999,64 GB,Android,Type C,Yes,8 MP,4 GB,India,5000 mAh,10k-20k,4001 mAh-5000 mAh,1
Redmi 11 Prime 64 GB,Redmi,Flashy Black Mobile Phone,11999,64 GB,Android,Type C,Yes,8 MP,4 GB,India,5000 mAh,10k-20k,4001 mAh-5000 mAh,1
Motorola G72,Motorola,Meteorite Grey,18999,128 GB,Android,Not Specified,No,16 MP,6 GB,India,5000 mAh,10k-20k,4001 mAh-5000 mAh,1
Redmi 11 Prime 5G 128 GB,Redmi,Meadow Green Mobile Phone,15999,128 GB,Android,Type C,Yes,8 MP,6 GB,India,5000 mAh,10k-20k,4001 mAh-5000 mAh,1
Oppo K10 5G 128 GB,Oppo,Midnight Black,16499,128 GB,Android,Type C,Yes,8 MP,6 GB,India,5000 mAh,10k-20k,4001 mAh-5000 mAh,1
Motorola G62 5G 128 GB,Motorola,Frosted Blue,19999,128 GB,Android,Type C,Yes,16 MP,8 GB,India,5000 mAh,10k-20k,4001 mAh-5000 mAh,1
Redmi 11 Prime 128 GB,Redmi,Flashy Black Mobile Phone,13999,128 GB,Android,Type C,Yes,8 MP,6 GB,India,5000 mAh,10k-20k,4001 mAh-5000 mAh,1
Redmi 11 Prime 5G 128 GB,Redmi,Chrome Silver Mobile Phone,15999,128 GB,Android,Type C,Yes,8 MP,6 GB,India,5000 mAh,10k-20k,4001 mAh-5000 mAh,1
Motorola G62 5G 128 GB,Motorola,Midnight Grey,19999,128 GB,Android,Type C,Yes,16 MP,8 GB,India,5000 mAh,10k-20k,4001 mAh-5000 mAh,1
Realme 10 Pro Plus 5G 128 GB,realme,Dark Matter,25999,128 GB,Android,Type C,Yes,Not Specified,8 GB,China,5000 mAh,20k-30k,4001 mAh-5000 mAh,1
Realme 10 Pro Plus 5G 128 GB,realme,Nebula Blue,25999,128 GB,Android,Type C,Yes,Not Specified,8 GB,China,5000 mAh,20k-30k,4001 mAh-5000 mAh,1
Realme 10 Pro Plus 5G 128 GB,realme,Dark Matter,24999,128 GB,Android,Type C,Yes,Not Specified,6 GB,China,5000 mAh,20k-30k,4001 mAh-5000 mAh,1
Realme 10 Pro Plus 5G 128 GB,realme,Nebula Blue,24999,128 GB,Android,Type C,Yes,Not Specified,6 GB,China,5000 mAh,20k-30k,4001 mAh-5000 mAh,1
Realme 10 Pro Plus 5G 128 GB,realme,Hyperspace,24999,128 GB,Android,Type C,Yes,Not Specified,6 GB,China,5000 mAh,20k-30k,4001 mAh-5000 mAh,1
Realme 10 Pro 5G 128 GB,realme,Hyperspace,19999,128 GB,Android,Type C,Yes,16 MP,8 GB,China,5000 mAh,10k-20k,4001 mAh-5000 mAh,1
Realme 10 Pro 5G 128 GB,realme,Nebula Blue,19999,128 GB,Android,Type C,Yes,16 MP,8 GB,China,5000 mAh,10k-20k,4001 mAh-5000 mAh,1
Realme 10 Pro 5G 128 GB,realme,Dark Matter,19999,128 GB,Android,Type C,Yes,16 MP,8 GB,China,5000 mAh,10k-20k,4001 mAh-5000 mAh,1
Realme 10 Pro 5G 128 GB,realme,Hyperspace,18999,128 GB,Android,Type C,Yes,16 MP,6 GB,China,5000 mAh,10k-20k,4001 mAh-5000 mAh,1
Realme 10 Pro 5G 128 GB,realme,Dark Matter,18999,128 GB,Android,Type C,Yes,16 MP,6 GB,China,5000 mAh,10k-20k,4001 mAh-5000 mAh,1
Realme C33 64 GB,realme,Sandy Gold,9999,Not Specified,Android,Micro USB,No,5 MP,4 GB,China,5000 mAh,5k-10k,4001 mAh-5000 mAh,1
Redmi Note 11T 5G 128 GB,Redmi,Matte Black,16999,128 GB,Android,Type C,Yes,16 MP,6 GB,India,5000 mAh,10k-20k,4001 mAh-5000 mAh,1
realme C11 2021 32 GB,realme,Cool Grey,7499,32 GB,Android,Not Specified,No,5 MP,2 GB,China,5000 mAh,5k-10k,4001 mAh-5000 mAh,1
Xiaomi Redmi Note 10T 5G 64 GB,Xiaomi,Mint Green,14999,64 GB,Android,Type C,Yes,8 MP,4 GB,India,5000 mAh,10k-20k,4001 mAh-5000 mAh,1
OPPO A76 128 GB,Oppo,Glowing Blue,16490,128 GB,Android,Not Specified,No,8 MP,6 GB,India,5000 mAh,10k-20k,4001 mAh-5000 mAh,1
Xiaomi Redmi Note 10T 5G 64 GB,Xiaomi,Graphite Black,14999,64 GB,Android,Type C,Yes,8 MP,4 GB,India,5000 mAh,10k-20k,4001 mAh-5000 mAh,1
Realme 8s 5G 128 GB,realme,Universe Blue,17999,128 GB,Android,Type C,Yes,16 MP,6 GB,China,5000 mAh,10k-20k,4001 mAh-5000 mAh,1
Redmi Note 10S 64 GB,Redmi,Cosmic Purple,14999,64 GB,Android,Type C,No,13 MP,6 GB,India,5000 mAh,10k-20k,4001 mAh-5000 mAh,1
Oppo A16 64 GB,Oppo,Pearl Blue,12990,64 GB,Android,Not Specified,No,8 MP,4 GB,India,5000 mAh,10k-20k,4001 mAh-5000 mAh,1
OPPO A96 128 GB,Oppo,Starry Black,17999,128 GB,Android,Not Specified,No,16 MP,8 GB,India,5000 mAh,10k-20k,4001 mAh-5000 mAh,1
Tecno Spark 8 64GB,Tecno,Turquoise Cyan,8999,64 GB,Android,Not Specified,No,8 MP,4 GB,India,5000 mAh,5k-10k,4001 mAh-5000 mAh,1
Realme C25-Y 128 GB,realme,Glacier Blue,11999,128 GB,Android,Type C,No,8 MP,4 GB,China,5000 mAh,10k-20k,4001 mAh-5000 mAh,1
Oppo A16 64 GB,Oppo,Crystal Black,12990,64 GB,Android,Not Specified,No,8 MP,4 GB,India,5000 mAh,10k-20k,4001 mAh-5000 mAh,1
realme GT Neo 2 256 GB,realme,Neo Blue Mobile Phone,35999,256 GB,Android,Type C,Yes,16 MP,12 GB,China,5000 mAh,30k-50k,4001 mAh-5000 mAh,1
Realme 8i 64 GB,realme,Space Black,13999,64 GB,Android,Type C,No,16 MP,4 GB,China,5000 mAh,10k-20k,4001 mAh-5000 mAh,1
Realme 8i 64 GB,realme,Space Purple,13999,64 GB,Android,Type C,No,16 MP,4 GB,China,5000 mAh,10k-20k,4001 mAh-5000 mAh,1
Xiaomi Redmi Note 10T 5G 64 GB,Xiaomi,Metallic Blue,14999,64 GB,Android,Type C,Yes,8 MP,4 GB,India,5000 mAh,10k-20k,4001 mAh-5000 mAh,1
Xiaomi 11T Pro 5G 256 GB,Xiaomi,Meteorite Black,40999,256 GB,Android,Not Specified,No,16 MP,12 GB,India,5000 mAh,30k-50k,4001 mAh-5000 mAh,1
realme C21Y 32 GB,realme,Cross Blue Mobile Phone,9499,32 GB,Android,Type C,No,5 MP,3 GB,China,5000 mAh,5k-10k,4001 mAh-5000 mAh,1
realme C21Y 32 GB,realme,Cross Black Mobile Phone,9499,32 GB,Android,Type C,No,5 MP,3 GB,China,5000 mAh,5k-10k,4001 mAh-5000 mAh,1
Itel Vision 2S 32 GB,Itel,Gradation Purple,7349,32 GB,Android,Type C,No,5 MP,2 GB,India,5000 mAh,5k-10k,4001 mAh-5000 mAh,1
OPPO A76 128 GB,Oppo,Glowing Black,16490,128 GB,Android,Not Specified,No,8 MP,6 GB,India,5000 mAh,10k-20k,4001 mAh-5000 mAh,1
Redmi Note 10S 128 GB,Redmi,Cosmic Purple,18499,128 GB,Android,Type C,No,13 MP,8 GB,India,5000 mAh,10k-20k,4001 mAh-5000 mAh,1
Realme C25-Y 128 GB,realme,Metal Grey,11999,128 GB,Android,Type C,No,8 MP,4 GB,China,5000 mAh,10k-20k,4001 mAh-5000 mAh,1
Redmi Note 10S 128 GB,Redmi,Frost White,18499,128 GB,Android,Type C,No,13 MP,8 GB,India,5000 mAh,10k-20k,4001 mAh-5000 mAh,1
realme C25Y 64 GB,realme,Metal Grey,10999,64 GB,Android,Micro USB,No,8 MP,4 GB,China,5000 mAh,10k-20k,4001 mAh-5000 mAh,1
Itel Vision 2S 32 GB,Itel,Gradation Blue,7349,32 GB,Android,Type C,No,5 MP,2 GB,India,5000 mAh,5k-10k,4001 mAh-5000 mAh,1
realme C21Y 64 GB,realme,Cross Black,10499,64 GB,Android,Type C,No,5 MP,4 GB,China,5000 mAh,10k-20k,4001 mAh-5000 mAh,1
realme C21Y 64 GB,realme,Cross Blue,10499,64 GB,Android,Type C,No,5 MP,4 GB,China,5000 mAh,10k-20k,4001 mAh-5000 mAh,1
realme C21Y 32 GB,realme,Cross Blue,9499,32 GB,Android,Type C,No,5 MP,3 GB,China,5000 mAh,5k-10k,4001 mAh-5000 mAh,1
realme C21Y 32 GB,realme,Cross Black,9499,32 GB,Android,Type C,No,5 MP,3 GB,China,5000 mAh,5k-10k,4001 mAh-5000 mAh,1
Motorola E7 Power 64 GB,Motorola,Digital Blue,8999,64 GB,Android,Not Specified,No,5 MP,4 GB,India,5000 mAh,5k-10k,4001 mAh-5000 mAh,1
realme GT Neo 2 256 GB,realme,Neo Black Mobile Phone,35999,256 GB,Android,Type C,No,16 MP,12 GB,China,5000 mAh,30k-50k,4001 mAh-5000 mAh,1
Oppo A57 64GB,Oppo,Glowing Black,13999,Not Specified,Android,Not Specified,No,8 MP,4 GB,India,5000 mAh,10k-20k,4001 mAh-5000 mAh,1
Redmi Note 10T 5G 128 GB,Redmi,Graphite Black,16999,128 GB,Android,Type C,Yes,8 MP,6 GB,India,5000 mAh,10k-20k,4001 mAh-5000 mAh,1
Oppo A57 64GB,Oppo,Glowing Green,13999,Not Specified,Android,Not Specified,No,8 MP,4 GB,India,5000 mAh,10k-20k,4001 mAh-5000 mAh,1
Xiaomi 11T Pro 5G 256 GB,Xiaomi,Moonlight White,40999,256 GB,Android,Not Specified,No,16 MP,12 GB,India,5000 mAh,30k-50k,4001 mAh-5000 mAh,1
Realme 8s 5G 128 GB,realme,Universe Purple,17999,128 GB,Android,Type C,Yes,16 MP,6 GB,China,5000 mAh,10k-20k,4001 mAh-5000 mAh,1
realme C11 2021 64 GB,realme,Cool Grey,8999,64 GB,Android,Micro USB,No,5 MP,4 GB,China,5000 mAh,5k-10k,4001 mAh-5000 mAh,1
Xiaomi 11T Pro 5G 5G 256 GB,Xiaomi,Moonlight White,37999,256 GB,Android,Not Specified,No,16 MP,8 GB,India,5000 mAh,30k-50k,4001 mAh-5000 mAh,1
Xiaomi 11T Pro 5G 128 GB,Xiaomi,Celestial Blue,36999,128 GB,Android,Not Specified,No,16 MP,8 GB,India,5000 mAh,30k-50k,4001 mAh-5000 mAh,1
Xiaomi 11T Pro 5G 5G 256 GB,Xiaomi,Celestial Blue,37999,256 GB,Android,Not Specified,No,16 MP,8 GB,India,5000 mAh,30k-50k,4001 mAh-5000 mAh,1
Mi 10T 128 GB,Mi,Cosmic Black,32999,128 GB,Android,Type C,No,20 MP,6 GB,China,5000 mAh,30k-50k,4001 mAh-5000 mAh,1
Redmi Note 11 Pro Plus 5G 128 GB,Redmi,Mirage Blue,19999,128 GB,Not Specified,Not Specified,No,16 MP,Not Specified,Not Specified,5000 mAh,10k-20k,4001 mAh-5000 mAh,1
Redmi Note 11 Pro Plus 5G 128 GB,Redmi,Stealth Black,19999,128 GB,Not Specified,Not Specified,No,16 MP,Not Specified,Not Specified,5000 mAh,10k-20k,4001 mAh-5000 mAh,1
Redmi Note 11 Pro Plus 5G 128 GB,Redmi,Phantom White,19999,128 GB,Not Specified,Not Specified,No,16 MP,Not Specified,Not Specified,5000 mAh,10k-20k,4001 mAh-5000 mAh,1
Redmi Note 11 SE 64 GB,Redmi,Bifrost Blue Mobile Phone,11999,64 GB,Not Specified,Not Specified,No,13 MP,6 GB,India,5000 mAh,10k-20k,4001 mAh-5000 mAh,1
Vivo Y22 128 GB,Vivo,Starlit Blue,16499,Not Specified,Not Specified,Type C,No,8 MP,6 GB,Not Specified,5000 mAh,10k-20k,4001 mAh-5000 mAh,1
Vivo Y22 128 GB,Vivo,Metaverse Green,16499,Not Specified,Not Specified,Type C,No,8 MP,6 GB,Not Specified,5000 mAh,10k-20k,4001 mAh-5000 mAh,1
Vivo Y22 64 GB,Vivo,Starlit Blue,14499,Not Specified,Not Specified,Type C,No,8 MP,4 GB,Not Specified,5000 mAh,10k-20k,4001 mAh-5000 mAh,1
Oppo A17K 64 GB,Oppo,Navy Blue,9499,64 GB,Not Specified,Not Specified,No,Not Specified,4 GB,Not Specified,Not Specified,5k-10k,Not Specified,1
Apple iPhone 13 Mini 256 GB,Apple,Starlight,74900,256 GB,Not Specified,Not Specified,No,Not Specified,Not Specified,Not Specified,Not Specified,50k-80k,Not Specified,1
Vivo Y21G 64GB,Vivo,Diamond Glow,13499,64 GB,Not Specified,Not Specified,No,Not Specified,Not Specified,India,Not Specified,10k-20k,Not Specified,1
Apple iPhone SE 128 GB,Apple,Black (Includes Earpods and Adapter),43900,128 GB,iOS,Type C,Yes,7 MP,Not Specified,India,Not Specified,30k-50k,Not Specified,1
Oppo A16e 64 GB,Oppo,Blue,9999,64 GB,Not Specified,Not Specified,No,Not Specified,Not Specified,Not Specified,Not Specified,5k-10k,Not Specified,1
Apple iPhone SE 2022 128 GB,Apple,Midnight,48900,128 GB,iOS,Not Specified,No,7 MP,Not Specified,Not Specified,Not Specified,30k-50k,Not Specified,1
Redmi Note 11 Pro 128 GB,Redmi,Stealth Black,17999,128 GB,Not Specified,Not Specified,No,Not Specified,Not Specified,Not Specified,Not Specified,10k-20k,Not Specified,1
Redmi Note 11 Pro 128 GB,Redmi,Star Blue,17999,128 GB,Not Specified,Not Specified,No,Not Specified,Not Specified,Not Specified,Not Specified,10k-20k,Not Specified,1
Apple iPhone 13 512 GB,Apple,Starlight,94900,512 GB,Not Specified,Not Specified,No,Not Specified,Not Specified,Not Specified,Not Specified,80k-100k,Not Specified,1
Oppo A77 128 GB,Oppo,Sunset Orange,15999,128 GB,Not Specified,Not Specified,No,Not Specified,Not Specified,Not Specified,Not Specified,10k-20k,Not Specified,1
Oppo A77 128 GB,Oppo,Sky Blue,15999,128 GB,Not Specified,Not Specified,No,Not Specified,Not Specified,Not Specified,Not Specified,10k-20k,Not Specified,1
Oppo K10 128 GB,Oppo,Black Carbon,14990,128 GB,Not Specified,Not Specified,No,Not Specified,Not Specified,Not Specified,Not Specified,10k-20k,Not Specified,1
Oppo K10 128 GB,Oppo,Blue Fame,14990,128 GB,Not Specified,Not Specified,No,Not Specified,Not Specified,Not Specified,Not Specified,10k-20k,Not Specified,1
Redmi A1 32 GB,Redmi,Light Green Mobile Phone,6199,32 GB,Not Specified,Not Specified,No,Not Specified,Not Specified,Not Specified,Not Specified,5k-10k,Not Specified,1
Redmi A1 32 GB,Redmi,Black Mobile Phone,6199,32 GB,Not Specified,Not Specified,No,Not Specified,Not Specified,Not Specified,Not Specified,5k-10k,Not Specified,1
Redmi A1 32 GB,Redmi,Light Blue Mobile Phone,6199,32 GB,Not Specified,Not Specified,No,Not Specified,Not Specified,Not Specified,Not Specified,5k-10k,Not Specified,1
Apple iPhone SE 128 GB,Apple,White (Includes Earpods and Adapter),43900,128 GB,iOS,Type C,No,7 MP,Not Specified,India,Not Specified,30k-50k,Not Specified,1
Apple iPhone SE 2022 64 GB,Apple,Midnight,43900,64 GB,iOS,Not Specified,No,7 MP,Not Specified,Not Specified,Not Specified,30k-50k,Not Specified,1
Vivo Y15s 32 GB,Vivo,Wave green,9499,32 GB,Not Specified,Not Specified,No,Not Specified,Not Specified,India,Not Specified,5k-10k,Not Specified,1
Apple iPhone SE 2022 64 GB,Apple,(Product) Red,43900,64 GB,iOS,Not Specified,No,7 MP,Not Specified,Not Specified,Not Specified,30k-50k,Not Specified,1
Oppo A16e 32 GB,Oppo,Midnight Black,8999,32 GB,Not Specified,Not Specified,No,Not Specified,Not Specified,Not Specified,Not Specified,5k-10k,Not Specified,1
OPPO F21s Pro 128 GB,Oppo,Starlight Black,21999,Not Specified,Not Specified,Not Specified,No,Not Specified,Not Specified,Not Specified,Not Specified,20k-30k,Not Specified,1
Vivo Y15s 32 GB,Vivo,Mystic Blue,9499,32 GB,Not Specified,Not Specified,No,Not Specified,Not Specified,India,Not Specified,5k-10k,Not Specified,1
Redmi Note 11s 128 GB,Redmi,Space Black,15499,128 GB,Not Specified,Not Specified,No,Not Specified,Not Specified,Not Specified,Not Specified,10k-20k,Not Specified,1
OPPO F21s Pro 128 GB,Oppo,Dawnlight Gold,21999,Not Specified,Not Specified,Not Specified,No,Not Specified,Not Specified,Not Specified,Not Specified,20k-30k,Not Specified,1
Oppo F21 Pro 128 GB,Oppo,Sunset Orange,20999,128 GB,Not Specified,Not Specified,No,Not Specified,Not Specified,Not Specified,Not Specified,20k-30k,Not Specified,1
OPPO F21s Pro 5G 128 GB,Oppo,Dawnlight Gold Mobile Phone,25999,Not Specified,Not Specified,Not Specified,No,Not Specified,Not Specified,Not Specified,Not Specified,20k-30k,Not Specified,1
Realme C35 128 GB,realme,Glowing Green,13999,128 GB,Not Specified,Not Specified,No,Not Specified,Not Specified,China,Not Specified,10k-20k,Not Specified,1
Apple iPhone 13 256 GB,Apple,Starlight,74900,256 GB,Not Specified,Not Specified,No,Not Specified,Not Specified,Not Specified,Not Specified,50k-80k,Not Specified,1
Oppo A77s 128 GB,Oppo,Orange,17999,128 GB,Not Specified,Not Specified,No,Not Specified,Not Specified,Not Specified,Not Specified,10k-20k,Not Specified,1
Realme C31 64 GB,realme,Dark Green,8999,64 GB,Not Specified,Not Specified,No,Not Specified,Not Specified,China,Not Specified,5k-10k,Not Specified,1
Apple iPhone 13 Mini 256 GB,Apple,Midnight (Black),74900,256 GB,iOS,Type C,No,12 MP,Not Specified,Not Specified,Not Specified,50k-80k,Not Specified,1
Apple iPhone 13 Mini 128 GB,Apple,Pink,64900,128 GB,iOS,Type C,No,12 MP,Not Specified,Not Specified,Not Specified,50k-80k,Not Specified,1
Apple iPhone 13 Mini 512 GB,Apple,Blue,94900,512 GB,iOS,Type C,No,12 MP,Not Specified,Not Specified,Not Specified,80k-100k,Not Specified,1
Apple iPhone 13 Mini 128 GB,Apple,Blue,64900,128 GB,iOS,Type C,No,12 MP,Not Specified,Not Specified,Not Specified,50k-80k,Not Specified,1
Apple iPhone 13 Mini 512 GB,Apple,Midnight (Black),94900,512 GB,iOS,Type C,No,12 MP,Not Specified,Not Specified,Not Specified,80k-100k,Not Specified,1
Apple iPhone 14 Pro 512 GB,Apple,Silver,159900,512 GB,iOS,Not Specified,No,12 MP,Not Specified,Not Specified,Not Specified, 150k-150k,Not Specified,1
Apple iPhone 14 Pro Max 512 GB,Apple,Silver,169900,512 GB,iOS,Not Specified,No,12 MP,Not Specified,China,Not Specified, 150k-150k,Not Specified,1
Apple iPhone 14 Pro Max 512 GB,Apple,Gold,169900,512 GB,iOS,Type C,No,12 MP,Not Specified,China,Not Specified, 150k-150k,Not Specified,1
Apple iPhone 13 512 GB,Apple,Blue,94900,512 GB,iOS,Type C,No,12 MP,Not Specified,Not Specified,Not Specified,80k-100k,Not Specified,1
Apple iPhone 13 Pro Max 128 GB,Apple,Graphite,129900,128 GB,iOS,Type C,No,12 MP,Not Specified,Not Specified,Not Specified, 100k-150k,Not Specified,1
Apple iPhone 13 Pro Max 512 GB,Apple,Graphite,159900,512 GB,iOS,Type C,No,12 MP,Not Specified,Not Specified,Not Specified, 150k-150k,Not Specified,1
Apple iPhone 13 Pro 1 TB,Apple,Gold,169900,Not Specified,iOS,Type C,No,12 MP,Not Specified,Not Specified,Not Specified, 150k-150k,Not Specified,1
Apple iPhone 13 Pro 512 GB,Apple,Gold,149900,512 GB,iOS,Type C,No,12 MP,Not Specified,Not Specified,Not Specified, 100k-150k,Not Specified,1
Apple iPhone 13 Pro 512 GB,Apple,Silver,149900,512 GB,iOS,Type C,No,12 MP,Not Specified,Not Specified,Not Specified, 100k-150k,Not Specified,1
Apple iPhone 14 Pro 512 GB,Apple,Gold,159900,512 GB,iOS,Type C,No,12 MP,Not Specified,Not Specified,Not Specified, 150k-150k,Not Specified,1
Apple iPhone 14 128 GB,Apple,Purple,73900,Not Specified,iOS,Type C,No,12 MP,Not Specified,"China, India, Korea, Vietnam",Not Specified,50k-80k,Not Specified,1
Apple iPhone 11 64 GB,Apple,Purple (without Earpods and Adapter),43900,64 GB,iOS,Not Specified,No,12 MP,Not Specified,China/India,Not Specified,30k-50k,Not Specified,1
Apple iPhone 13 512 GB,Apple,Pink,94900,512 GB,iOS,Type C,No,12 MP,Not Specified,Not Specified,Not Specified,80k-100k,Not Specified,1
Apple iPhone 13 Mini 256 GB,Apple,Red,74900,256 GB,iOS,Type C,No,12 MP,Not Specified,Not Specified,Not Specified,50k-80k,Not Specified,1
Apple iPhone 13 Mini 128 GB,Apple,Midnight (Black),64900,128 GB,iOS,Type C,No,12 MP,Not Specified,Not Specified,Not Specified,50k-80k,Not Specified,1
Apple iPhone 13 Pro Max 256 GB,Apple,Gold,139900,256 GB,iOS,Type C,No,12 MP,Not Specified,Not Specified,Not Specified, 100k-150k,Not Specified,1
Apple iPhone 13 Pro Max 256 GB,Apple,Sierra Blue,139900,256 GB,iOS,Type C,No,12 MP,Not Specified,Not Specified,Not Specified, 100k-150k,Not Specified,1
Apple iPhone 13 Mini 128 GB,Apple,Green,64900,128 GB,iOS,Not Specified,No,12 MP,Not Specified,Not Specified,Not Specified,50k-80k,Not Specified,1
Apple iPhone 13 Mini 512 GB,Apple,Green,94900,512 GB,iOS,Not Specified,No,12 MP,Not Specified,Not Specified,Not Specified,80k-100k,Not Specified,1
Apple iPhone 13 Mini 512 GB,Apple,Starlight,94900,512 GB,iOS,Type C,No,12 MP,Not Specified,Not Specified,Not Specified,80k-100k,Not Specified,1
Apple iPhone 14 Pro Max 1 TB,Apple,Deep Purple,189900,Not Specified,iOS,Not Specified,No,12 MP,Not Specified,China,Not Specified, 150k-150k,Not Specified,1
Apple iPhone 11 128 GB,Apple,Yellow (without Earpods and Adapter),48900,128 GB,iOS,Not Specified,No,12 MP,Not Specified,China/India,Not Specified,30k-50k,Not Specified,1
Apple iPhone 11 64 GB,Apple,Green (without Earpods and Adapter),43900,64 GB,iOS,Not Specified,No,12 MP,Not Specified,China/India,Not Specified,30k-50k,Not Specified,1
Apple iPhone 11 64 GB,Apple,Yellow (without Earpods and Adapter),43900,64 GB,iOS,Not Specified,No,12 MP,Not Specified,China/India,Not Specified,30k-50k,Not Specified,1
Apple iPhone 12 64 GB,Apple,(Product)Red,56900,64 GB,iOS,Not Specified,Yes,12 MP,Not Specified,China,Not Specified,50k-80k,Not Specified,1
Apple iPhone 13 512 GB,Apple,Red,94900,512 GB,iOS,Type C,No,12 MP,Not Specified,Not Specified,Not Specified,80k-100k,Not Specified,1
Apple iPhone 13 Mini 256 GB,Apple,Pink,74900,256 GB,iOS,Type C,No,12 MP,Not Specified,Not Specified,Not Specified,50k-80k,Not Specified,1
Apple iPhone 13 Mini 128 GB,Apple,Red,64900,128 GB,iOS,Type C,No,12 MP,Not Specified,Not Specified,Not Specified,50k-80k,Not Specified,1
Apple iPhone 14 Pro Max 128 GB,Apple,Space Black,139900,128 GB,iOS,Type C,No,12 MP,Not Specified,China,Not Specified, 100k-150k,Not Specified,1
Apple iPhone 11 128 GB,Apple,Purple (without Earpods and Adapter),48900,128 GB,iOS,Not Specified,No,12 MP,Not Specified,China/India,Not Specified,30k-50k,Not Specified,1
Apple iPhone 12 64 GB,Apple,Purple,56900,64 GB,iOS,Not Specified,Yes,12 MP,Not Specified,China,Not Specified,50k-80k,Not Specified,1
Apple iPhone 14 Pro Max 256 GB,Apple,Deep Purple,149900,256 GB,iOS,Not Specified,No,12 MP,Not Specified,China,Not Specified, 100k-150k,Not Specified,1
Apple iPhone 13 128 GB,Apple,Pink,61900,128 GB,iOS,Type C,No,12 MP,Not Specified,Not Specified,Not Specified,50k-80k,Not Specified,1
Apple iPhone 13 128 GB,Apple,Green,64900,128 GB,iOS,Not Specified,No,12 MP,Not Specified,Not Specified,Not Specified,50k-80k,Not Specified,1
Apple iPhone 13 Mini 512 GB,Apple,Red,94900,512 GB,iOS,Type C,No,12 MP,Not Specified,Not Specified,Not Specified,80k-100k,Not Specified,1
Apple iPhone 14 Pro 256 GB,Apple,Gold,139900,256 GB,iOS,Type C,No,12 MP,Not Specified,Not Specified,Not Specified, 100k-150k,Not Specified,1
Apple iPhone 14 Pro Max 1 TB,Apple,Silver,189900,Not Specified,iOS,Type C,No,12 MP,Not Specified,China,Not Specified, 150k-150k,Not Specified,1
Apple iPhone 14 Pro Max 1 TB,Apple,Gold,189900,Not Specified,iOS,Type C,No,12 MP,Not Specified,China,Not Specified, 150k-150k,Not Specified,1
Apple iPhone 13 128 GB,Apple,Red,64900,128 GB,iOS,Type C,No,12 MP,Not Specified,Not Specified,Not Specified,50k-80k,Not Specified,1
Apple iPhone 14 Pro Max 128 GB,Apple,Silver,139900,128 GB,iOS,Not Specified,No,12 MP,Not Specified,China,Not Specified, 100k-150k,Not Specified,1
Apple iPhone 13 Mini 512 GB,Apple,Pink,94900,512 GB,iOS,Type C,No,12 MP,Not Specified,Not Specified,Not Specified,80k-100k,Not Specified,1
Apple iPhone 12 128 GB,Apple,White,59900,128 GB,iOS,Not Specified,Yes,12 MP,Not Specified,China,Not Specified,50k-80k,Not Specified,1
Apple iPhone 14 Pro 512 GB,Apple,Deep Purple,159900,512 GB,iOS,Type C,No,12 MP,Not Specified,Not Specified,Not Specified, 150k-150k,Not Specified,1
Apple iPhone 13 Pro 256 GB,Apple,Graphite,129900,256 GB,iOS,Type C,No,12 MP,Not Specified,Not Specified,Not Specified, 100k-150k,Not Specified,1
Apple iPhone 14 Pro Max 128 GB,Apple,Deep Purple,139900,128 GB,iOS,Type C,No,12 MP,Not Specified,China,Not Specified, 100k-150k,Not Specified,1
Apple iPhone 14 Pro Max 1 TB,Apple,Space Black,189900,Not Specified,iOS,Type C,No,12 MP,Not Specified,China,Not Specified, 150k-150k,Not Specified,1
Apple iPhone 14 Pro Max 512 GB,Apple,Space Black,169900,512 GB,iOS,Type C,No,12 MP,Not Specified,China,Not Specified, 150k-150k,Not Specified,1
Apple iPhone 14 Pro 512 GB,Apple,Space Black,159900,512 GB,iOS,Type C,No,12 MP,Not Specified,Not Specified,Not Specified, 150k-150k,Not Specified,1
Apple iPhone 14 Pro 128 GB,Apple,Gold,129900,128 GB,iOS,Type C,No,12 MP,Not Specified,Not Specified,Not Specified, 100k-150k,Not Specified,1
Apple iPhone 13 256 GB,Apple,Red,74900,256 GB,iOS,Type C,No,12 MP,Not Specified,Not Specified,Not Specified,50k-80k,Not Specified,1
Apple iPhone 13 256 GB,Apple,Midnight (Black),74900,256 GB,iOS,Type C,No,12 MP,Not Specified,Not Specified,Not Specified,50k-80k,Not Specified,1
Apple iPhone 11 128 GB,Apple,(Product) Red (without Earpods and Adapter),48900,128 GB,iOS,Not Specified,No,12 MP,Not Specified,China/India,Not Specified,30k-50k,Not Specified,1
Apple iPhone 13 512 GB,Apple,Midnight (Black),94900,512 GB,iOS,Type C,No,12 MP,Not Specified,Not Specified,Not Specified,80k-100k,Not Specified,1
Apple iPhone 14 Pro Max 256 GB,Apple,Silver,149900,256 GB,iOS,Type C,No,12 MP,Not Specified,China,Not Specified, 100k-150k,Not Specified,1
Apple iPhone 14 Pro 256 GB,Apple,Deep Purple,139900,256 GB,iOS,Not Specified,No,12 MP,Not Specified,Not Specified,Not Specified, 100k-150k,Not Specified,1
Apple iPhone 14 Pro 128 GB,Apple,Deep Purple,129900,128 GB,iOS,Type C,No,12 MP,Not Specified,Not Specified,Not Specified, 100k-150k,Not Specified,1
Apple iPhone 14 Pro Max 256 GB,Apple,Gold,149900,256 GB,iOS,Type C,No,12 MP,Not Specified,China,Not Specified, 100k-150k,Not Specified,1
Apple iPhone 14 Pro Max 128 GB,Apple,Gold,139900,128 GB,iOS,Type C,No,12 MP,Not Specified,China,Not Specified, 100k-150k,Not Specified,1
Apple iPhone 12 128 GB,Apple,Green,59900,128 GB,iOS,Not Specified,Yes,12 MP,Not Specified,China,Not Specified,50k-80k,Not Specified,1
Apple iPhone 12 128 GB,Apple,Purple,59900,128 GB,iOS,Not Specified,Yes,12 MP,Not Specified,China,Not Specified,50k-80k,Not Specified,1
Apple iPhone 14 Plus 512 GB,Apple,Midnight,114900,Not Specified,iOS,Type C,No,12 MP,Not Specified,"China, India, Korea, Vietnam",Not Specified, 100k-150k,Not Specified,1
Apple iPhone 12 64 GB,Apple,Green,56900,64 GB,iOS,Not Specified,Yes,12 MP,Not Specified,China,Not Specified,50k-80k,Not Specified,1
Apple iPhone 14 Pro 1 TB,Apple,Deep Purple,179900,Not Specified,iOS,Not Specified,No,12 MP,Not Specified,Not Specified,Not Specified, 150k-150k,Not Specified,1
Apple iPhone 14 Pro 128 GB,Apple,Silver,129900,128 GB,iOS,Not Specified,No,12 MP,Not Specified,Not Specified,Not Specified, 100k-150k,Not Specified,1
Apple iPhone 11 128 GB,Apple,Black (without Earpods and Adapter),48900,128 GB,iOS,Not Specified,No,12 MP,Not Specified,China/India,Not Specified,30k-50k,Not Specified,1
Apple iPhone 14 Plus 512 GB,Apple,Red,114900,Not Specified,iOS,Type C,No,12 MP,Not Specified,"China, India, Korea, Vietnam",Not Specified, 100k-150k,Not Specified,1
Apple iPhone 14 Pro 256 GB,Apple,Space Black,139900,256 GB,iOS,Type C,No,12 MP,Not Specified,Not Specified,Not Specified, 100k-150k,Not Specified,1
Apple iPhone 14 Plus 512 GB,Apple,Purple,114900,Not Specified,iOS,Not Specified,No,12 MP,Not Specified,"China, India, Korea, Vietnam",Not Specified, 100k-150k,Not Specified,1
Apple iPhone 14 Pro 128 GB,Apple,Space Black,129900,128 GB,iOS,Type C,No,12 MP,Not Specified,Not Specified,Not Specified, 100k-150k,Not Specified,1
Apple iPhone 14 Plus 512 GB,Apple,Starlight,114900,Not Specified,iOS,Type C,No,12 MP,Not Specified,"China, India, Korea, Vietnam",Not Specified, 100k-150k,Not Specified,1
Apple iPhone 14 Pro 1 TB,Apple,Silver,179900,Not Specified,iOS,Type C,No,12 MP,Not Specified,Not Specified,Not Specified, 150k-150k,Not Specified,1
Apple iPhone 12 128 GB,Apple,Blue,59900,128 GB,iOS,Not Specified,Yes,12 MP,Not Specified,China,Not Specified,50k-80k,Not Specified,1
Apple iPhone 14 Pro 1 TB,Apple,Space Black,179900,Not Specified,iOS,Type C,No,12 MP,Not Specified,Not Specified,Not Specified, 150k-150k,Not Specified,1
Apple iPhone 14 Pro 256 GB,Apple,Silver,139900,256 GB,iOS,Type C,No,12 MP,Not Specified,Not Specified,Not Specified, 100k-150k,Not Specified,1
Apple iPhone 14 512 GB,Apple,Blue,104900,Not Specified,iOS,Not Specified,No,12 MP,Not Specified,"China, India, Korea, Vietnam",Not Specified, 100k-150k,Not Specified,1
Apple iPhone 14 128 GB,Apple,Red,74900,Not Specified,iOS,Not Specified,No,12 MP,Not Specified,"China, India, Korea, Vietnam",Not Specified,50k-80k,Not Specified,1
Apple iPhone 14 512 GB,Apple,Starlight,104900,Not Specified,iOS,Type C,No,12 MP,Not Specified,"China, India, Korea, Vietnam",Not Specified, 100k-150k,Not Specified,1
Apple iPhone 11 128 GB,Apple,White (without Earpods and Adapter),48900,128 GB,iOS,Not Specified,No,12 MP,Not Specified,China/India,Not Specified,30k-50k,Not Specified,1
Apple iPhone 13 Pro Max 256 GB,Apple,Graphite,139900,256 GB,iOS,Type C,No,12 MP,Not Specified,Not Specified,Not Specified, 100k-150k,Not Specified,1
Apple iPhone 13 Pro 256 GB,Apple,Gold,129900,256 GB,iOS,Type C,No,12 MP,Not Specified,Not Specified,Not Specified, 100k-150k,Not Specified,1
Apple iPhone 14 512 GB,Apple,Midnight,104900,Not Specified,iOS,Not Specified,No,12 MP,Not Specified,"China, India, Korea, Vietnam",Not Specified, 100k-150k,Not Specified,1
Apple iPhone 12 128 GB,Apple,Black,59900,128 GB,iOS,Not Specified,Yes,12 MP,Not Specified,China,Not Specified,50k-80k,Not Specified,1
Apple iPhone 13 Pro 128 GB,Apple,Sierra Blue,119900,128 GB,iOS,Type C,No,12 MP,Not Specified,Not Specified,Not Specified, 100k-150k,Not Specified,1
Apple iPhone 13 Pro Max 128 GB,Apple,Sierra Blue,129900,128 GB,iOS,Type C,No,12 MP,Not Specified,Not Specified,Not Specified, 100k-150k,Not Specified,1
Apple iPhone 11 64 GB,Apple,Black (without Earpods and Adapter),43900,64 GB,iOS,Not Specified,No,12 MP,Not Specified,China/India,Not Specified,30k-50k,Not Specified,1
Apple iPhone 13 256 GB,Apple,Green,74900,256 GB,iOS,Not Specified,No,12 MP,Not Specified,Not Specified,Not Specified,50k-80k,Not Specified,1
Apple iPhone 13 256 GB,Apple,Pink,74900,256 GB,iOS,Type C,No,12 MP,Not Specified,Not Specified,Not Specified,50k-80k,Not Specified,1
Apple iPhone 13 256 GB,Apple,Blue,74900,256 GB,iOS,Type C,No,12 MP,Not Specified,Not Specified,Not Specified,50k-80k,Not Specified,1
Nokia XR20 128 GB,Nokia,Ultra Blue Mobile Phone,46999,128 GB,Android,Type C,Yes,8 MP,6 GB,China,4630 mAh,30k-50k,4001 mAh-5000 mAh,1
Vivo T1 Pro 5G 128 GB,Vivo,Turbo Cyan,24999,128 GB,Not Specified,Not Specified,No,16 MP,Not Specified,India,4700 mAh,20k-30k,4001 mAh-5000 mAh,1
Realme Narzo 50A 128 GB,realme,Oxygen Blue,12499,128 GB,Not Specified,Not Specified,No,8 MP,4 GB,China,6000 mAh,10k-20k,5001 mAh-6000mAh,1
Vivo T1 Pro 5G 128 GB,Vivo,Turbo Black,23999,128 GB,Not Specified,Not Specified,No,16 MP,Not Specified,India,4700 mAh,20k-30k,4001 mAh-5000 mAh,1
Vivo T1 Pro 5G 128 GB,Vivo,Turbo Black,24999,128 GB,Not Specified,Not Specified,No,16 MP,Not Specified,India,4700 mAh,20k-30k,4001 mAh-5000 mAh,1
Nokia G20 64 GB,Nokia,Glacier Mobile Phone,12999,64 GB,Android,Type C,No,8 MP,4 GB,India,5050 mAh,10k-20k,5001 mAh-6000mAh,1
OPPO A16K 32 GB,Oppo,Midnight Black,8999,32 GB,Android,Not Specified,No,5 MP,3 GB,India,4230 mAh,5k-10k,4001 mAh-5000 mAh,1
Xiaomi 11i 5G Hyper Charge 128 GB,Xiaomi,Purple Mist,28999,128 GB,Android,Not Specified,No,16 MP,8 GB,India,4500 mAh,20k-30k,4001 mAh-5000 mAh,1
Xiaomi 11i 5G Hyper Charge 128 GB,Xiaomi,Pacific Pearl,28999,128 GB,Android,Not Specified,No,16 MP,8 GB,India,4500 mAh,20k-30k,4001 mAh-5000 mAh,1
Xiaomi 11i 5G Hyper Charge 128 GB,Xiaomi,Pacific Pearl,26999,128 GB,Android,Not Specified,No,16 MP,6 GB,India,4500 mAh,20k-30k,4001 mAh-5000 mAh,1
Xiaomi Mi 11 Lite NE 5G 128 GB,Xiaomi,Tuscany Coral Mobile Phone,25999,128 GB,Android,Type C,Yes,20 MP,8 GB,India,4250 mAh,20k-30k,4001 mAh-5000 mAh,1
Xiaomi Redmi 10 Prime 64 GB,Xiaomi,Bifrost Blue Mobile Phone,12999,64 GB,Android,Type C,No,8 MP,4 GB,India,6000 mAh,10k-20k,5001 mAh-6000mAh,1
Redmi 10 Prime 2022 64 GB,Redmi,Mobile phone,12999,64 GB,Android,Not Specified,No,8 MP,4 GB,India,6000 mAh,10k-20k,5001 mAh-6000mAh,1
OPPO Reno8 Pro 5G 256 GB,Oppo,Black,45999,256 GB,Android,Not Specified,No,32 MP,12 GB,India,4500 mAh,30k-50k,4001 mAh-5000 mAh,1
Xiaomi 11i 5G Hyper Charge 128 GB,Xiaomi,Camo Green,26999,128 GB,Android,Not Specified,No,16 MP,6 GB,India,4500 mAh,20k-30k,4001 mAh-5000 mAh,1
Xiaomi Mi 11 Lite NE 5G 128 GB,Xiaomi,Vinyl Black Mobile Phone,25999,128 GB,Android,Type C,Yes,20 MP,8 GB,India,4250 mAh,20k-30k,4001 mAh-5000 mAh,1
Oppo A12 32 GB,Oppo,Blue,9990,32 GB,Android,Not Specified,No,5 MP,3 GB,India,4230 mAh,5k-10k,4001 mAh-5000 mAh,1
realme C25s 128 GB,realme,Watery Grey Mobile Phone,11999,128 GB,Android,Type C,No,8 MP,4 GB,China,6000 mAh,10k-20k,5001 mAh-6000mAh,1
Xiaomi Redmi 10 Prime 64 GB,Xiaomi,Astral White Mobile Phone,12999,64 GB,Android,Type C,No,8 MP,4 GB,India,6000 mAh,10k-20k,5001 mAh-6000mAh,1
Xiaomi Redmi 10 Prime 128 GB,Xiaomi,Astral White Mobile Phone,12999,128 GB,Android,Type C,No,8 MP,6 GB,India,6000 mAh,10k-20k,5001 mAh-6000mAh,1
Xiaomi Mi 11 Lite NE 5G 128 GB,Xiaomi,Diamond Dazzle Mobile Phone,25999,128 GB,Android,Type C,Yes,20 MP,8 GB,India,4250 mAh,20k-30k,4001 mAh-5000 mAh,1
Oppo A15 32 GB,Oppo,Rainbow Silver,10990,Not Specified,Android,USB 2.0,No,5 MP,3 GB,India,4230mAh,10k-20k,4001 mAh-5000 mAh,1
realme GT Series GT-Master 5G 128 GB,realme,Luna White,27999,Not Specified,Android,Not Specified,No,32 MP,8 GB,China,4300 mAh,20k-30k,4001 mAh-5000 mAh,1
Vivo V21e 5G 128 GB,Vivo,Dark Pearl,23990,128 GB,Android,Not Specified,No,32 MP,8 GB,India,4000 mAh,20k-30k,3001 mAh-4000 mAh,1
Samsung Galaxy S20 FE 5G 128 GB,Samsung,Cloud Mint,45999,128 GB,Android,Type C,Yes,32 MP,8 GB,South Korea,4500 mAh,30k-50k,4001 mAh-5000 mAh,1
Xiaomi 11i 5G Hyper Charge 128 GB,Xiaomi,Purple Mist,26999,128 GB,Android,Not Specified,No,16 MP,6 GB,India,4500 mAh,20k-30k,4001 mAh-5000 mAh,1
OPPO A16K 32 GB,Oppo,Blue,8999,32 GB,Android,Not Specified,No,5 MP,3 GB,India,4230 mAh,5k-10k,4001 mAh-5000 mAh,1
OPPO Reno8 Pro 5G 256 GB,Oppo,Green,45999,256 GB,Android,Not Specified,No,32 MP,12 GB,India,4500 mAh,30k-50k,4001 mAh-5000 mAh,1
Samsung Galaxy S21 Plus 128 GB,Samsung,Phantom Silver,81999,Not Specified,Android,Type C,No,10 MP,8 GB,South Korea,4800 mAh,80k-100k,4001 mAh-5000 mAh,1
Samsung Galaxy S20 FE 5G 128 GB,Samsung,Cloud Lavender,45999,128 GB,Android,Type C,Yes,32 MP,8 GB,South Korea,4500 mAh,30k-50k,4001 mAh-5000 mAh,1
Nokia 5.4 64 GB,Nokia,Dusk Mobile Phone,14499,64 GB,Android,Type C,No,16 MP,6 GB,India,4000 mAh,10k-20k,3001 mAh-4000 mAh,1
Samsung Galaxy A52s 5G 128 GB,Samsung,Black,32499,Not Specified,Android,Type C,No,32 MP,6 GB,South Korea,4500 mAh,30k-50k,4001 mAh-5000 mAh,1
Vivo V21 5G 128 GB,Vivo,Dusk Blue,27990,128 GB,Android,Not Specified,No,44 MP,8 GB,India,4000 mAh,20k-30k,3001 mAh-4000 mAh,1
OPPO A16K 32 GB,Oppo,White,8999,32 GB,Android,Not Specified,No,5 MP,3 GB,India,4230 mAh,5k-10k,4001 mAh-5000 mAh,1
OPPO A16K 32 GB,Oppo,Black,8999,32 GB,Android,Not Specified,No,5 MP,3 GB,India,4230 mAh,5k-10k,4001 mAh-5000 mAh,1
Xiaomi Redmi 10 Prime 64 GB,Xiaomi,Phantom Black Mobile Phone,12999,64 GB,Android,Type C,No,8 MP,4 GB,India,6000 mAh,10k-20k,5001 mAh-6000mAh,1
Motorola Edge 30 Ultra 5G 128 GB,Motorola,Interstellar Black,54999,Not Specified,Android,Type C,Yes,60 MP,8 GB,India,4610 mAh,50k-80k,4001 mAh-5000 mAh,1
Xiaomi Redmi 10 Prime 128 GB,Xiaomi,Phantom Black Mobile Phone,12999,128 GB,Android,Type C,No,8 MP,6 GB,India,6000 mAh,10k-20k,5001 mAh-6000mAh,1
Tecno Pova 4 128 GB,Tecno,Uranolith Grey,11999,128 GB,Android,Not Specified,No,8 MP,8 GB,India,6000 mAh,10k-20k,5001 mAh-6000mAh,1
OnePlus Nord 2T 5G 128GB,OnePlus,Jade Fog,28999,Not Specified,Android,Type C,Yes,32 MP,8 GB,India,4500 mAh,20k-30k,4001 mAh-5000 mAh,1
OnePlus Nord 2T 5G 128GB,OnePlus,Gray Shadow,28999,Not Specified,Android,Type C,Yes,32 MP,8 GB,India,4500 mAh,20k-30k,4001 mAh-5000 mAh,1
Nokia G10 64 GB,Nokia,Purple (JioExclusive offer available),11499,64 GB,Android,Not Specified,No,8 MP,4 GB,India,5050 mAh,10k-20k,5001 mAh-6000mAh,1
Nokia 5.4 64 GB,Nokia,Polar Night,14499,64 GB,Android,Type C,No,16 MP,6 GB,India,4000 mAh,10k-20k,3001 mAh-4000 mAh,1
realme GT 5G 128 GB,realme,Dashing Silver,37999,Not Specified,Android,Not Specified,No,16 MP,8 GB,China,4500 mAh,30k-50k,4001 mAh-5000 mAh,1
Oppo A15 32 GB,Oppo,Rainbow Silver (JioExclusive Offer Available),10990,32 GB,Android,USB 2.0,No,5 MP,3 GB,India,4230 mAh,10k-20k,4001 mAh-5000 mAh,1
Redmi 10 64 GB,Redmi,Midnight Black,9999,64 GB,Android,Not Specified,No,5 MP,4 GB,India,6000 mAh,5k-10k,5001 mAh-6000mAh,1
Nokia C30 64 GB,Nokia,White Mobile Phone (JioExclusive offer available),10999,64 GB,Android,Micro USB,No,5 MP,4 GB,India,6000 mAh,10k-20k,5001 mAh-6000mAh,1
Xiaomi Redmi 10 Prime 128 GB,Xiaomi,Bifrost Blue Mobile Phone,12999,128 GB,Android,Type C,No,8 MP,6 GB,India,6000 mAh,10k-20k,5001 mAh-6000mAh,1
Xiaomi 11i 5G Hyper Charge 128 GB,Xiaomi,Camo Green,28999,128 GB,Android,Not Specified,No,16 MP,8 GB,India,4500 mAh,20k-30k,4001 mAh-5000 mAh,1
Xiaomi 11i 5G Hyper Charge 128 GB,Xiaomi,Stealth Black,28999,128 GB,Android,Not Specified,No,16 MP,8 GB,India,4500 mAh,20k-30k,4001 mAh-5000 mAh,1
Xiaomi Mi 11 Lite NE 5G 128 GB,Xiaomi,Vinyl Black Mobile Phone,26999,128 GB,Android,Type C,Yes,20 MP,6 GB,India,4250 mAh,20k-30k,4001 mAh-5000 mAh,1
Oppo A15 32 GB,Oppo,Dynamic Black (JioExclusive Offer Available),10990,32 GB,Android,USB 2.0,No,5 MP,3 GB,India,4230 mAh,10k-20k,4001 mAh-5000 mAh,1
realme GT 5G 128 GB,realme,Dashing Blue,37999,Not Specified,Android,Not Specified,No,16 MP,8 GB,China,4500 mAh,30k-50k,4001 mAh-5000 mAh,1
Itel A48 32 GB,Itel,Gradation Black (JioExclusive offer available),6599,32 GB,Android,Not Specified,No,5 MP,2 GB,India,3000 mAh,5k-10k,2001 mAh-3000 mAh,1
Nokia C30 32 GB,Nokia,White Mobile Phone (JioExclusive offer available),9999,32 GB,Android,Not Specified,No,5 MP,3 GB,India,6000 mAh,5k-10k,5001 mAh-6000mAh,1
Xiaomi Mi 11 Lite NE 5G 128 GB,Xiaomi,Jazz Blue Mobile Phone,26999,128 GB,Android,Type C,Yes,20 MP,6 GB,India,4250 mAh,20k-30k,4001 mAh-5000 mAh,1
Nokia C20 Plus 32 GB,Nokia,Graphite Black (JioExclusive offer available),7999,32 GB,Android,Micro USB,No,5 MP,2 GB,India,4950 mAh,5k-10k,4001 mAh-5000 mAh,1
Xiaomi 11i 5G 128 GB,Xiaomi,Purple Mist,26999,Not Specified,Android,Not Specified,No,16 MP,8 GB,India,5160 mAh,20k-30k,5001 mAh-6000mAh,1
Nokia C30 64 GB,Nokia,Green Mobile Phone (JioExclusive offer available),10999,64 GB,Android,Not Specified,No,5 MP,4 GB,India,6000 mAh,10k-20k,5001 mAh-6000mAh,1
Xiaomi 11i 5G 128 GB,Xiaomi,Camo Green,26999,Not Specified,Android,Not Specified,No,16 MP,8 GB,India,5160 mAh,20k-30k,5001 mAh-6000mAh,1
Xiaomi Mi 11 Lite NE 5G 128 GB,Xiaomi,Diamond Dazzle Mobile Phone,26999,128 GB,Android,Type C,Yes,20 MP,6 GB,India,4250 mAh,20k-30k,4001 mAh-5000 mAh,1
Redmi 10 Prime 2022 64 GB,Redmi,Mobile phone,12999,64 GB,Android,Not Specified,No,8 MP,4 GB,India,6000 mAh,10k-20k,5001 mAh-6000mAh,1
Redmi 10 Prime 2022 64 GB,Redmi,Mobile phone,12999,64 GB,Android,Not Specified,No,8 MP,4 GB,India,6000 mAh,10k-20k,5001 mAh-6000mAh,1
Mi 11X Pro 256 GB,Mi,Cosmic Black,38999,256 GB,Android,Type C,Yes,20 MP,8 GB,India,4520 mAh,30k-50k,4001 mAh-5000 mAh,1
Nokia C01 Plus 16 GB,Nokia,Blue (JioExclusive offer available),5499,16 GB,Android,Not Specified,No,5 MP,2 GB,India,3000 mAh,5k-10k,2001 mAh-3000 mAh,1
Xiaomi 11i 5G 128 GB,Xiaomi,Pacific Pearl,26999,Not Specified,Android,Not Specified,No,16 MP,8 GB,India,5160 mAh,20k-30k,5001 mAh-6000mAh,1
Xiaomi 11i 5G 128 GB,Xiaomi,Stealth Black,26999,Not Specified,Android,Not Specified,No,16 MP,8 GB,India,5160 mAh,20k-30k,5001 mAh-6000mAh,1
Redmi 10 64 GB,Redmi,Caribbean Green,9999,64 GB,Android,Not Specified,No,5 MP,4 GB,India,6000 mAh,5k-10k,5001 mAh-6000mAh,1
Mi 11X 128 GB,Mi,Cosmic Black,27999,128 GB,Android,Type C,Yes,20 MP,6 GB,India,4520 mAh,20k-30k,4001 mAh-5000 mAh,1
Mi 11X Pro 128 GB,Mi,Celestial Silver,36999,128 GB,Android,Type C,Yes,20 MP,8 GB,India,4520 mAh,30k-50k,4001 mAh-5000 mAh,1
Mi 11X Pro 128 GB,Mi,Lunar White,36999,128 GB,Android,Type C,Yes,20 MP,8 GB,India,4520 mAh,30k-50k,4001 mAh-5000 mAh,1
Xiaomi Mi 11 Lite NE 5G 128 GB,Xiaomi,Jazz Blue Mobile Phone,25999,128 GB,Android,Type C,Yes,20 MP,8 GB,India,4250 mAh,20k-30k,4001 mAh-5000 mAh,1
Motorola Edge 30 Ultra 5G 128 GB,Motorola,Starlight White,54999,Not Specified,Android,Type C,Yes,60 MP,8 GB,India,4610 mAh,50k-80k,4001 mAh-5000 mAh,1
Nokia G20 64 GB,Nokia,Night Mobile Phone,12999,64 GB,Android,Type C,No,8 MP,4 GB,India,5050 mAh,10k-20k,5001 mAh-6000mAh,1
Oppo A12 64 GB,Oppo,Blue,10990,64 GB,Android,Not Specified,No,5 MP,4 GB,India,4230 mAh,10k-20k,4001 mAh-5000 mAh,1
Nokia G10 64 GB,Nokia,Blue (JioExclusive offer available),11499,64 GB,Android,Not Specified,No,8 MP,4 GB,India,5050 mAh,10k-20k,5001 mAh-6000mAh,1
Itel A48 32 GB,Itel,Gradation Purple (JioExclusive offer available),6599,32 GB,Android,Not Specified,No,5 MP,2 GB,India,3000 mAh,5k-10k,2001 mAh-3000 mAh,1
Nokia C01 Plus 16 GB,Nokia,Grey (JioExclusive offer available),5499,16 GB,Android,Not Specified,No,5 MP,2 GB,India,3000 mAh,5k-10k,2001 mAh-3000 mAh,1
Mi 11X 128 GB,Mi,Cosmic Black,29999,128 GB,Android,Type C,Yes,20 MP,8 GB,India,4520 mAh,20k-30k,4001 mAh-5000 mAh,1
Mi 11X Pro 128 GB,Mi,Cosmic Black,36999,128 GB,Android,Type C,Yes,20 MP,8 GB,India,4520 mAh,30k-50k,4001 mAh-5000 mAh,1
Itel A48 32 GB,Itel,Gradation Green (JioExclusive offer available),6599,32 GB,Android,Not Specified,No,5 MP,2 GB,India,3000 mAh,5k-10k,2001 mAh-3000 mAh,1
Mi 11X 128 GB,Mi,Lunar White,27999,128 GB,Android,Type C,Yes,20 MP,6 GB,India,4520 mAh,20k-30k,4001 mAh-5000 mAh,1
Mi 11X 128 GB,Mi,Celestial Silver,29999,128 GB,Android,Type C,Yes,20 MP,8 GB,India,4520 mAh,20k-30k,4001 mAh-5000 mAh,1
Motorola Edge 30 Fusion 5G 128 GB,Motorola,Solar Gold,42999,Not Specified,Android,Type C,Yes,32 MP,8 GB,India,4400 mAh,30k-50k,4001 mAh-5000 mAh,1
Motorola Edge 30 Fusion 5G 128 GB,Motorola,Cosmic Grey,42999,Not Specified,Android,Type C,Yes,32 MP,8 GB,India,4400 mAh,30k-50k,4001 mAh-5000 mAh,1
Realme X50 Pro 128 GB,realme,Moss Green,41999,128 GB,Android,Type C,Yes,"32 MP, 8 MP",8 GB,China,4200 mAh,30k-50k,4001 mAh-5000 mAh,1
itel A23 Pro 8 GB,Itel,Sapphire Blue,4040,8 GB,Android,Not Specified,No,0.3 MP,1 GB,India,2400 mAh,"Less than 5,000",2001 mAh-3000 mAh,1
itel A23 Pro 8 GB,Itel,Lake Blue,4040,8 GB,Android,Not Specified,No,0.3 MP,1 GB,India,2400 mAh,"Less than 5,000",2001 mAh-3000 mAh,1
Mi 11X Pro 256 GB,Mi,Celestial Silver,39499,256 GB,Android,Type C,Yes,20 MP,8 GB,India,4520 mAh,30k-50k,4001 mAh-5000 mAh,1
Samsung Galaxy Z Series Flip3 5G 256 GB,Samsung,Cream,88999,Not Specified,Android,Type C,Yes,10 MP,8 GB,South Korea,3300 mAh,80k-100k,3001 mAh-4000 mAh,1
Nokia C20 Plus 32 GB,Nokia,Ocean Blue (JioExclusive offer available),7999,32 GB,Android,Micro USB,No,5 MP,2 GB,India,4950 mAh,5k-10k,4001 mAh-5000 mAh,1
Vivo V25 Pro 5G 256 GB,Vivo,Pure Black,39999,256 GB,Not Specified,Type C,No,32 MP,12 GB,Not Specified,4830 mAh,30k-50k,4001 mAh-5000 mAh,1
Vivo X80 Pro 5G 256 GB,Vivo,Cosmic Black,79999,256 GB,Not Specified,Not Specified,No,32 MP,Not Specified,Not Specified,4700 mAh,50k-80k,4001 mAh-5000 mAh,1
Nokia G21 64 GB,Nokia,Dusk,12499,64 GB,Windows,Not Specified,No,8 MP,4 GB,Not Specified,5050 mAh,10k-20k,5001 mAh-6000mAh,1
Vivo V25 Pro 5G 128 GB,Vivo,Sailing Blue,35999,128 GB,Not Specified,Type C,No,32 MP,8 GB,Not Specified,4830 mAh,30k-50k,4001 mAh-5000 mAh,1
Vivo V25 Pro 5G 256 GB,Vivo,Sailing Blue,39999,256 GB,Not Specified,Type C,No,32 MP,12 GB,Not Specified,4830 mAh,30k-50k,4001 mAh-5000 mAh,1
OnePlus Nord CE 2 5G 128 GB,OnePlus,Blue,24999,128 GB,Not Specified,Not Specified,No,16 MP,Not Specified,Not Specified,4500 mAh,20k-30k,4001 mAh-5000 mAh,1
Nokia G21 128 GB,Nokia,Dusk,13999,128 GB,Windows,Not Specified,No,8 MP,6 GB,Not Specified,5050 mAh,10k-20k,5001 mAh-6000mAh,1
Nokia G21 64 GB,Nokia,Nordic Blue,12499,64 GB,Windows,Not Specified,No,8 MP,4 GB,Not Specified,5050 mAh,10k-20k,5001 mAh-6000mAh,1
Vivo V25 Pro 5G 128 GB,Vivo,Pure Black,35999,128 GB,Not Specified,Type C,No,32 MP,8 GB,Not Specified,4830 mAh,30k-50k,4001 mAh-5000 mAh,1
Nokia G21 128 GB,Nokia,Nordic Blue,13999,128 GB,Windows,Not Specified,No,8 MP,6 GB,Not Specified,5050 mAh,10k-20k,5001 mAh-6000mAh,1
Nokia C01 Plus 32 GB,Nokia,Grey,5999,32 GB,Windows,Not Specified,No,2 MP,2 GB,Not Specified,3000 mAh,5k-10k,2001 mAh-3000 mAh,1
Nokia C01 Plus 32 GB,Nokia,Blue,5999,32 GB,Windows,Not Specified,No,2 MP,2 GB,Not Specified,3000 mAh,5k-10k,2001 mAh-3000 mAh,1
Realme 9i 4 GB RAM,realme,Prism Black,13499,Not Specified,Android,Not Specified,No,16 MP,4 GB,China,4880 mAh,10k-20k,4001 mAh-5000 mAh,1
Motorola Edge 30 Pro 5G 128 GB,Motorola,Blue,49999,128 GB,Android,Not Specified,No,60 MP,8 GB,Not Specified,4800 mAh,30k-50k,4001 mAh-5000 mAh,1
Realme 9 Pro Plus 5G 256 GB,realme,Sunrise Blue,28999,256 GB,Android,Not Specified,No,16 MP,8 GB,China,4500 mAh,20k-30k,4001 mAh-5000 mAh,1
Xiaomi 12 Pro 5G 256GB,Xiaomi,Opera Mauve,58999,256 GB,Android,Not Specified,No,32 MP,12 GB,Not Specified,4600 mAh,50k-80k,4001 mAh-5000 mAh,1
Realme 9 Pro Plus 5G 128 GB,realme,Sunrise Blue,24999,128 GB,Android,Not Specified,No,16 MP,6 GB,China,4500 mAh,20k-30k,4001 mAh-5000 mAh,1
Realme 9 Pro Plus 5G 128 GB,realme,Aurora Green,24999,128 GB,Android,Not Specified,No,16 MP,6 GB,China,4500 mAh,20k-30k,4001 mAh-5000 mAh,1
Realme 9i 4 GB RAM,realme,Prism Blue,13499,Not Specified,Android,Not Specified,No,16 MP,4 GB,China,4880 mAh,10k-20k,4001 mAh-5000 mAh,1
Samsung Galaxy S21 FE 5G 256 GB,Samsung,Graphite,63999,256 GB,Android,Not Specified,No,32 MP,8 GB,South Korea,4500 mAh,50k-80k,4001 mAh-5000 mAh,1
Samsung Galaxy S21 FE 5G 256 GB,Samsung,Olive,63999,256 GB,Android,Not Specified,No,32 MP,8 GB,South Korea,4500 mAh,50k-80k,4001 mAh-5000 mAh,1
Samsung Galaxy S21 FE 5G 256 GB,Samsung,Lavender,63999,256 GB,Android,Not Specified,No,32 MP,8 GB,South Korea,4500 mAh,50k-80k,4001 mAh-5000 mAh,1
Realme 9 Pro Plus 5G 128 GB,realme,Aurora Green,26999,128 GB,Android,Not Specified,No,16 MP,8 GB,China,4500 mAh,20k-30k,4001 mAh-5000 mAh,1
Xiaomi 12 Pro 5G 256GB,Xiaomi,Couture Blue,54999,256 GB,Android,Not Specified,No,32 MP,8 GB,Not Specified,4600 mAh,50k-80k,4001 mAh-5000 mAh,1
Samsung S22 Plus 5G 256 GB,Samsung,Smartphone,88999,Not Specified,Android,Not Specified,No,10 MP,8 GB,South Korea,4500 mAh,80k-100k,4001 mAh-5000 mAh,1
Samsung Galaxy Z Flip4 5G 256 GB,Samsung,Graphite,94999,256 GB,Android,Type C,No,10 MP,8 GB,South Korea,3700 mAh,80k-100k,3001 mAh-4000 mAh,1
JioPhone Next 32 GB,JioPhone,LS1542QWN,4499,Not Specified,Android,Not Specified,No,8 MP,2 GB,Not Specified,3500 mAh,"Less than 5,000",3001 mAh-4000 mAh,1
JioPhone Next 32 GB,JioPhone,LS1542QWN,4499,Not Specified,Android,Not Specified,No,8 MP,2 GB,Not Specified,3500 mAh,"Less than 5,000",3001 mAh-4000 mAh,1
Vivo X80 5G 128 GB,Vivo,Urban Blue,54999,128 GB,Android,Not Specified,No,32 MP,8 GB,Not Specified,4500 mAh,50k-80k,4001 mAh-5000 mAh,1
Vivo V25 256 GB,Vivo,Surfing Blue,31999,256 GB,Android,Not Specified,No,Not Specified,Not Specified,Not Specified,4500 mAh,30k-50k,4001 mAh-5000 mAh,1
Realme 9 Pro Plus 5G 128 GB,realme,Midnight Black,24999,128 GB,Android,Not Specified,No,16 MP,6 GB,China,4500 mAh,20k-30k,4001 mAh-5000 mAh,1
Vivo V23 5G 128 GB,Vivo,Sunshine Gold,29990,128 GB,Android,Type C,Yes,"50 MP, 8 MP",8 GB,Not Specified,4200 mAh,20k-30k,4001 mAh-5000 mAh,1
Xiaomi 11i 5G 128 GB,Xiaomi,Purple Mist,24999,128 GB,Android,Not Specified,No,16 MP,6 GB,Not Specified,5160 mAh,20k-30k,5001 mAh-6000mAh,1
Xiaomi 11i 5G 128 GB,Xiaomi,Pacific Pearl,24999,128 GB,Android,Not Specified,No,16 MP,6 GB,Not Specified,5160 mAh,20k-30k,5001 mAh-6000mAh,1
Samsung Galaxy Z Fold2 256 GB,Samsung,Mystic Bronze,119999,Not Specified,Android,Type C,No,10 MP,12 GB,South Korea,4500 mAh, 100k-150k,4001 mAh-5000 mAh,1
Mi 10 128 GB,Mi,Twilight Grey,50999,128 GB,Android,Type C,Yes,20 MP,8 GB,Not Specified,4780 mAh,50k-80k,4001 mAh-5000 mAh,1
Samsung Galaxy A71,Samsung,Prism Crush Blue,27499,Not Specified,Android,Type C,No,32 MP,8 GB,South Korea,4500 mAh,20k-30k,4001 mAh-5000 mAh,1
Mi 10 Mobile Phone 128 GB,Mi,Coral Green,50999,128 GB,Android,Type C,No,20 MP,8 GB,Not Specified,4780 mAh,50k-80k,4001 mAh-5000 mAh,1
Redmi Note 10 Pro 128 GB,Redmi,Dark Night,17999,128 GB,Android,Type C,No,16 MP,6 GB,Not Specified,5020 mAh,10k-20k,5001 mAh-6000mAh,1
Samsung S22 5G 256 GB,Samsung,Phantom Black,71999,Not Specified,Android,Not Specified,No,10 MP,8 GB,South Korea,3700 mAh,50k-80k,3001 mAh-4000 mAh,1
Redmi Note 11 128 GB,Redmi,Twilight Blue,14499,128 GB,Android,Not Specified,No,13 MP,6 GB,Not Specified,?5000 mAh,10k-20k,4001 mAh-5000 mAh,1
Xiaomi 12 Pro 5G 256GB,Xiaomi,Noir Black,58999,256 GB,Android,Not Specified,No,32 MP,12 GB,Not Specified,4600 mAh,50k-80k,4001 mAh-5000 mAh,1
Samsung S22 Plus 5G 256 GB,Samsung,Phantom White,88999,Not Specified,Android,Not Specified,No,10 MP,8 GB,South Korea,4500 mAh,80k-100k,4001 mAh-5000 mAh,1
Samsung Galaxy Z Fold4 5G 512 GB,Samsung,Beige,164999,512 GB,Android,Type C,No,4 MP,12 GB,South Korea,4400 mAh, 150k-150k,4001 mAh-5000 mAh,1
Redmi Note 10 Pro 128 GB,Redmi,Glacial Blue,18499,128 GB,Android,Type C,No,16 MP,6 GB,Not Specified,5020 mAh,10k-20k,5001 mAh-6000mAh,1
OnePlus Nord CE 5G 256 GB,OnePlus,Blue Void,27999,Not Specified,Android,Type C,No,16 MP,12 GB,Not Specified,4500 mAh,20k-30k,4001 mAh-5000 mAh,1
OnePlus Nord CE 5G 128 GB,OnePlus,Charcoal Ink,24999,Not Specified,Android,Type C,No,16 MP,8 GB,Not Specified,4500 mAh,20k-30k,4001 mAh-5000 mAh,1
Motorola Moto Edge 30 5G 128GB,Motorola,Aurora Green,24999,128 GB,Android,Not Specified,No,32 MP,8 GB,Not Specified,4020 mAh,20k-30k,4001 mAh-5000 mAh,1
Redmi Note 10 Pro 128 GB,Redmi,Dark Night,19499,128 GB,Android,Type C,No,16 MP,8 GB,Not Specified,5020 mAh,10k-20k,5001 mAh-6000mAh,1
Samsung Galaxy S21 FE 5G 128 GB,Samsung,Olive,59999,128 GB,Android,Not Specified,No,32 MP,8 GB,South Korea,4500 mAh,50k-80k,4001 mAh-5000 mAh,1
Samsung S22 Plus 5G 128 GB,Samsung,Phantom Black,84999,Not Specified,Android,Not Specified,No,10 MP,8 GB,South Korea,4500 mAh,80k-100k,4001 mAh-5000 mAh,1
Samsung S22 5G 256 GB,Samsung,Green,71999,Not Specified,Android,Not Specified,No,10 MP,8 GB,South Korea,3700 mAh,50k-80k,3001 mAh-4000 mAh,1
Redmi Note 11s 64 GB,Redmi,Horizon Blue,15999,64 GB,Android,Not Specified,No,16 MP,6 GB,Not Specified,?5000 mAh,10k-20k,4001 mAh-5000 mAh,1
Samsung S22 5G 128 GB,Samsung,Phantom White,67999,Not Specified,Android,Not Specified,No,10 MP,8 GB,South Korea,3700 mAh,50k-80k,3001 mAh-4000 mAh,1
Xiaomi 12 Pro 5G 256GB,Xiaomi,Opera Mauve,54999,256 GB,Android,Not Specified,No,32 MP,8 GB,Not Specified,4600 mAh,50k-80k,4001 mAh-5000 mAh,1
Realme 9 Pro Plus 5G 256 GB,realme,Aurora Green,28999,256 GB,Android,Not Specified,No,16 MP,8 GB,China,4500 mAh,20k-30k,4001 mAh-5000 mAh,1
Samsung Galaxy S21 FE 5G 256 GB,Samsung,White,63999,256 GB,Android,Not Specified,No,32 MP,8 GB,South Korea,4500 mAh,50k-80k,4001 mAh-5000 mAh,1
Realme 9 Pro Plus 5G 128 GB,realme,Sunrise Blue,26999,128 GB,Android,Not Specified,No,16 MP,8 GB,China,4500 mAh,20k-30k,4001 mAh-5000 mAh,1
Samsung S22 Plus 5G 128 GB,Samsung,Smartphone,84999,Not Specified,Android,Not Specified,No,10 MP,8 GB,South Korea,4500 mAh,80k-100k,4001 mAh-5000 mAh,1
Samsung S22 5G 256 GB,Samsung,Phantom White,71999,Not Specified,Android,Not Specified,No,10 MP,8 GB,South Korea,3700 mAh,50k-80k,3001 mAh-4000 mAh,1
Xiaomi 12 Pro 5G 256GB,Xiaomi,Noir Black,54999,256 GB,Android,Not Specified,No,32 MP,8 GB,Not Specified,4600 mAh,50k-80k,4001 mAh-5000 mAh,1
Redmi Note 11 128 GB,Redmi,Stardust White,14499,128 GB,Android,Not Specified,No,13 MP,6 GB,Not Specified,?5000 mAh,10k-20k,4001 mAh-5000 mAh,1
Redmi Note 11s 64 GB,Redmi,Space Black,15999,64 GB,Android,Not Specified,No,16 MP,6 GB,Not Specified,?5000 mAh,10k-20k,4001 mAh-5000 mAh,1
Redmi Note 10 Pro 128 GB,Redmi,Dark Nebula,18499,128 GB,Android,Type C,No,16 MP,6 GB,Not Specified,5020 mAh,10k-20k,5001 mAh-6000mAh,1
Oppo F21 Pro 5G 128 GB,Oppo,Cosmic Black,25999,Not Specified,Android,Not Specified,No,16 MP,8 GB,Not Specified,4500 mAh,20k-30k,4001 mAh-5000 mAh,1
Samsung Galaxy M01 Core 16 GB,Samsung,Red,5199,Not Specified,Android,USB 2.0,No,5 MP,1 GB,South Korea,3000 mAh,5k-10k,2001 mAh-3000 mAh,1
Nokia 2.4 64 GB,Nokia,Charcoal,10399,64 GB,Android,USB 2.0,No,5 MP,3 GB,Not Specified,4500 mAh,10k-20k,4001 mAh-5000 mAh,1
Redmi Note 10 Pro 128 GB,Redmi,Vintage Bronze,19499,128 GB,Android,Type C,No,16 MP,8 GB,Not Specified,5020 mAh,10k-20k,5001 mAh-6000mAh,1
Redmi Note 10 Pro Max 128 GB,Redmi,Dark Nebula,20499,128 GB,Android,Type C,No,16 MP,6 GB,Not Specified,5020 mAh,20k-30k,5001 mAh-6000mAh,1
Xiaomi 11i 5G 128 GB,Xiaomi,Stealth Black,24999,128 GB,Android,Not Specified,No,16 MP,6 GB,Not Specified,5160 mAh,20k-30k,5001 mAh-6000mAh,1
Xiaomi 11i 5G 128 GB,Xiaomi,Camo Green,24999,128 GB,Android,Not Specified,No,16 MP,6 GB,Not Specified,5160 mAh,20k-30k,5001 mAh-6000mAh,1
Samsung Galaxy S21 FE 5G 128 GB,Samsung,Lavender,59999,128 GB,Android,Not Specified,No,32 MP,8 GB,South Korea,4500 mAh,50k-80k,4001 mAh-5000 mAh,1
Redmi Note 10 Pro 128 GB,Redmi,Vintage Bronze,18499,128 GB,Android,Type C,No,16 MP,6 GB,Not Specified,5020 mAh,10k-20k,5001 mAh-6000mAh,1
OnePlus Nord 2 5G 256 GB,OnePlus,Blue Haze,34999,Not Specified,Android,Type C,No,32 MP,12 GB,Not Specified,4500 mAh,30k-50k,4001 mAh-5000 mAh,1
OnePlus Nord CE 5G 128 GB,OnePlus,Blue Void,24999,Not Specified,Android,Type C,No,16 MP,8 GB,Not Specified,4500 mAh,20k-30k,4001 mAh-5000 mAh,1
OnePlus Nord 2 5G 128 GB,OnePlus,Gray Sierra,29999,Not Specified,Android,Type C,No,32 MP,8 GB,Not Specified,4500 mAh,20k-30k,4001 mAh-5000 mAh,1
Samsung S22 Plus 5G 256 GB,Samsung,Green,88999,Not Specified,Android,Not Specified,No,10 MP,8 GB,South Korea,4500 mAh,80k-100k,4001 mAh-5000 mAh,1
Samsung S22 Plus 5G 256 GB,Samsung,Phantom Black,88999,Not Specified,Android,Not Specified,No,10 MP,8 GB,South Korea,4500 mAh,80k-100k,4001 mAh-5000 mAh,1
OPPO Reno8 5G 128 GB,Oppo,Black,29999,128 GB,Android,Not Specified,No,32 MP,8 GB,Not Specified,4500 mAh,20k-30k,4001 mAh-5000 mAh,1
OnePlus Nord CE 2 5G 128 GB,OnePlus,Grey,23999,Not Specified,Android,Not Specified,No,16 MP,6 GB,Not Specified,4500 mAh,20k-30k,4001 mAh-5000 mAh,1
Vivo V23e 5G 128 GB,Vivo,Midnight Blue,24999,128 GB,Android,Not Specified,No,44 MP,8 GB,Not Specified,4050 mAh,20k-30k,4001 mAh-5000 mAh,1
OnePlus 9 128 GB,OnePlus,Astral Black,37999,128 GB,Android,Type C,Yes,16 MP,8 GB,Not Specified,4500 mAh,30k-50k,4001 mAh-5000 mAh,1
Motorola Moto Edge 30 5G 128GB,Motorola,Meteor Grey,22999,128 GB,Android,Not Specified,No,32 MP,6 GB,Not Specified,4020 mAh,20k-30k,4001 mAh-5000 mAh,1
OnePlus 8T 256 GB,OnePlus,Aquamarine Green,41999,256 GB,Android,Type C,Yes,16 MP,12 GB,Not Specified,4500 mAh,30k-50k,4001 mAh-5000 mAh,1
Redmi 9 Prime 128 GB,Redmi,Smartphone (New),12499,128 GB,Android,Type C,No,8 MP,4 GB,Not Specified,5020 mAh,10k-20k,5001 mAh-6000mAh,1
Redmi 9 Prime 128 GB,Redmi,Smartphone (New),12499,128 GB,Android,Type C,No,8 MP,4 GB,Not Specified,5020 mAh,10k-20k,5001 mAh-6000mAh,1
Nokia 2.4 64 GB,Nokia,Smartphone,10399,64 GB,Android,USB 2.0,No,5 MP,3 GB,Not Specified,4500 mAh,10k-20k,4001 mAh-5000 mAh,1
Redmi 9 Prime 64 GB,Redmi,Smartphone (New),10399,64 GB,Android,Type C,No,8 MP,4 GB,Not Specified,5020 mAh,10k-20k,5001 mAh-6000mAh,1
Redmi 9 Prime 64 GB,Redmi,Smartphone (New),10399,64 GB,Android,Type C,No,8 MP,4 GB,Not Specified,5020 mAh,10k-20k,5001 mAh-6000mAh,1
Redmi 9 Prime 128 GB,Redmi,Smartphone (New),12499,128 GB,Android,Type C,No,8 MP,4 GB,Not Specified,5020 mAh,10k-20k,5001 mAh-6000mAh,1
Samsung Galaxy Z Fold4 5G 512 GB,Samsung,Phantom Black,164999,512 GB,Android,Type C,No,4 MP,12 GB,South Korea,4400 mAh, 150k-150k,4001 mAh-5000 mAh,1
OnePlus 10T 5G 256 GB,OnePlus,Moonstone Black,55999,256 GB,Android,Type C,No,16 MP,16 GB,Not Specified,4800 mAh,50k-80k,4001 mAh-5000 mAh,1
